id,i,j,k,x,y,z,lithology,density_g_cm3,permeability_m_s
1,0,0,0,2.5,2.5,-22.5,clay,1.9483,1.4739622433410145e-06
2,1,0,0,7.5,2.5,-22.5,clay,1.9565,1.4716965046364498e-06
3,2,0,0,12.5,2.5,-22.5,clay,1.9469,2.1752048058062393e-06
4,3,0,0,17.5,2.5,-22.5,clay,1.9559,2.163439917019457e-06
5,4,0,0,22.5,2.5,-22.5,clay,2.0505,2.2223488238758414e-06
6,5,0,0,27.5,2.5,-22.5,clay,2.0578,2.364791222922528e-06
7,6,0,0,32.5,2.5,-22.5,clay,2.0689,2.85742735887169e-06
8,7,0,0,37.5,2.5,-22.5,sand_gravel,2.0815,3.7426127254521986e-06
9,8,0,0,42.5,2.5,-22.5,sand_gravel,2.0963,5.911409762587874e-06
10,9,0,0,47.5,2.5,-22.5,sand_gravel,2.0927,7.273780050643854e-06
11,10,0,0,52.5,2.5,-22.5,sand_gravel,2.0818,8.725314142650575e-06
12,11,0,0,57.5,2.5,-22.5,sand_gravel,2.0683,1.0329794244705483e-05
13,0,1,0,2.5,7.5,-22.5,clay,1.9653,1.2482304672026635e-06
14,1,1,0,7.5,7.5,-22.5,clay,1.9721,1.5560954396380097e-06
15,2,1,0,12.5,7.5,-22.5,clay,1.9874,1.8750255673590077e-06
16,3,1,0,17.5,7.5,-22.5,clay,2.0527,1.5135883845438782e-06
17,4,1,0,22.5,7.5,-22.5,clay,2.068,3.1502040214778155e-06
18,5,1,0,27.5,7.5,-22.5,clay,2.0767,2.6819426259258774e-06
19,6,1,0,32.5,7.5,-22.5,clay,2.092,2.6238412369221485e-06
20,7,1,0,37.5,7.5,-22.5,weathered_sandstone,2.166,2.6656034047178206e-06
21,8,1,0,42.5,7.5,-22.5,weathered_sandstone,2.1798,2.964550694189631e-06
22,9,1,0,47.5,7.5,-22.5,sand_gravel,2.131,4.941001242760245e-06
23,10,1,0,52.5,7.5,-22.5,sand_gravel,2.1172,6.8830302595865176e-06
24,11,1,0,57.5,7.5,-22.5,sand_gravel,2.1001,9.578370274841589e-06
25,0,2,0,2.5,12.5,-22.5,clay,1.9836,9.920447114501862e-07
26,1,2,0,7.5,12.5,-22.5,clay,1.991,1.5799618324033198e-06
27,2,2,0,12.5,12.5,-22.5,clay,2.0083,2.8395295179555174e-06
28,3,2,0,17.5,12.5,-22.5,clay,2.0703,3.159050723596897e-06
29,4,2,0,22.5,12.5,-22.5,clay,2.0837,2.8640147826912535e-06
30,5,2,0,27.5,12.5,-22.5,weathered_sandstone,2.1043,3.608986823899722e-06
31,6,2,0,32.5,12.5,-22.5,weathered_sandstone,2.1756,2.4839848036487073e-06
32,7,2,0,37.5,12.5,-22.5,weathered_sandstone,2.2059,1.961808300124279e-06
33,8,2,0,42.5,12.5,-22.5,weathered_sandstone,2.2217,1.9446640805867045e-06
34,9,2,0,47.5,12.5,-22.5,weathered_sandstone,2.2222,2.4992753502734986e-06
35,10,2,0,52.5,12.5,-22.5,sand_gravel,2.1614,4.950102179109134e-06
36,11,2,0,57.5,12.5,-22.5,sand_gravel,2.1661,9.789113394041541e-06
37,0,3,0,2.5,17.5,-22.5,clay,2.049,7.286380167746819e-07
38,1,3,0,7.5,17.5,-22.5,clay,2.1018,1.8566243198030973e-06
39,2,3,0,12.5,17.5,-22.5,sand_gravel,2.1312,2.711339116364914e-06
40,3,3,0,17.5,17.5,-22.5,sand_gravel,2.1402,5.042776771907566e-06
41,4,3,0,22.5,17.5,-22.5,sand_gravel,2.1522,4.596913275377897e-06
42,5,3,0,27.5,17.5,-22.5,weathered_sandstone,2.2107,2.332788905960859e-06
43,6,3,0,32.5,17.5,-22.5,weathered_sandstone,2.2447,1.239477629229891e-06
44,7,3,0,37.5,17.5,-22.5,weathered_sandstone,2.2775,8.555795211973775e-07
45,8,3,0,42.5,17.5,-22.5,weathered_sandstone,2.2958,7.105794262860165e-07
46,9,3,0,47.5,17.5,-22.5,weathered_sandstone,2.3024,7.141341872857545e-07
47,10,3,0,52.5,17.5,-22.5,moderate_sandstone,2.3109,1.3118046373478676e-06
48,11,3,0,57.5,17.5,-22.5,sand_gravel,2.2346,3.600894980001104e-06
49,0,4,0,2.5,22.5,-22.5,clay,2.1127,8.176632424138114e-07
50,1,4,0,7.5,22.5,-22.5,clay,2.1466,1.0129950769961726e-06
51,2,4,0,12.5,22.5,-22.5,sand_gravel,2.1632,2.157990605155681e-06
52,3,4,0,17.5,22.5,-22.5,sand_gravel,2.1716,3.865294778985401e-06
53,4,4,0,22.5,22.5,-22.5,weathered_sandstone,2.2263,3.3347463556603504e-06
54,5,4,0,27.5,22.5,-22.5,weathered_sandstone,2.2493,1.907318487091936e-06
55,6,4,0,32.5,22.5,-22.5,weathered_sandstone,2.2745,1.163816175829458e-06
56,7,4,0,37.5,22.5,-22.5,weathered_sandstone,2.3046,7.12725026140287e-07
57,8,4,0,42.5,22.5,-22.5,weathered_sandstone,2.3333,4.482509429385824e-07
58,9,4,0,47.5,22.5,-22.5,moderate_sandstone,2.3812,3.091639784778989e-07
59,10,4,0,52.5,22.5,-22.5,moderate_sandstone,2.3704,3.905879052517222e-07
60,11,4,0,57.5,22.5,-22.5,moderate_sandstone,2.3149,1.2266729885159006e-06
61,0,5,0,2.5,27.5,-22.5,weathered_sandstone,2.1744,8.465467502458595e-07
62,1,5,0,7.5,27.5,-22.5,weathered_sandstone,2.198,8.276286087845442e-07
63,2,5,0,12.5,27.5,-22.5,weathered_sandstone,2.2179,1.1221431234965484e-06
64,3,5,0,17.5,27.5,-22.5,weathered_sandstone,2.2585,1.6622735363262948e-06
65,4,5,0,22.5,27.5,-22.5,weathered_sandstone,2.282,1.322063604203283e-06
66,5,5,0,27.5,27.5,-22.5,weathered_sandstone,2.3174,1.1350606110493489e-06
67,6,5,0,32.5,27.5,-22.5,weathered_sandstone,2.3318,8.338581849491779e-07
68,7,5,0,37.5,27.5,-22.5,weathered_sandstone,2.3648,4.308612613371177e-07
69,8,5,0,42.5,27.5,-22.5,moderate_sandstone,2.3973,2.2222965243923387e-07
70,9,5,0,47.5,27.5,-22.5,moderate_sandstone,2.456,6.791682552457748e-08
71,10,5,0,52.5,27.5,-22.5,moderate_sandstone,2.4535,7.172847183606322e-08
72,11,5,0,57.5,27.5,-22.5,moderate_sandstone,2.3721,3.800876733874128e-07
73,0,6,0,2.5,32.5,-22.5,weathered_sandstone,2.267,7.480465387340613e-07
74,1,6,0,7.5,32.5,-22.5,weathered_sandstone,2.279,6.225225526888586e-07
75,2,6,0,12.5,32.5,-22.5,moderate_sandstone,2.3151,4.3720072212391107e-07
76,3,6,0,17.5,32.5,-22.5,moderate_sandstone,2.3546,2.891913989297433e-07
77,4,6,0,22.5,32.5,-22.5,moderate_sandstone,2.3667,3.878752284696371e-07
78,5,6,0,27.5,32.5,-22.5,weathered_sandstone,2.349,5.712099197362334e-07
79,6,6,0,32.5,32.5,-22.5,weathered_sandstone,2.359,4.756210321510497e-07
80,7,6,0,37.5,32.5,-22.5,moderate_sandstone,2.4042,1.9606420434049216e-07
81,8,6,0,42.5,32.5,-22.5,moderate_sandstone,2.4424,8.938422924810626e-08
82,9,6,0,47.5,32.5,-22.5,moderate_sandstone,2.4617,6.073626245073864e-08
83,10,6,0,52.5,32.5,-22.5,moderate_sandstone,2.4564,6.768223890687348e-08
84,11,6,0,57.5,32.5,-22.5,moderate_sandstone,2.3825,3.0724964645605746e-07
85,0,7,0,2.5,37.5,-22.5,weathered_sandstone,2.3005,9.476060124213916e-07
86,1,7,0,7.5,37.5,-22.5,weathered_sandstone,2.3113,5.589393397925142e-07
87,2,7,0,12.5,37.5,-22.5,moderate_sandstone,2.3676,2.0779966302237595e-07
88,3,7,0,17.5,37.5,-22.5,moderate_sandstone,2.4399,6.662706888005418e-08
89,4,7,0,22.5,37.5,-22.5,moderate_sandstone,2.4429,7.293953333806186e-08
90,5,7,0,27.5,37.5,-22.5,moderate_sandstone,2.3988,1.997372631306851e-07
91,6,7,0,32.5,37.5,-22.5,moderate_sandstone,2.4079,1.7868957065080858e-07
92,7,7,0,37.5,37.5,-22.5,moderate_sandstone,2.4676,5.559264136013512e-08
93,8,7,0,42.5,37.5,-22.5,moderate_sandstone,2.4728,5.03359444343491e-08
94,9,7,0,47.5,37.5,-22.5,moderate_sandstone,2.4334,1.1013427687205318e-07
95,10,7,0,52.5,37.5,-22.5,moderate_sandstone,2.4026,2.0414424201896235e-07
96,11,7,0,57.5,37.5,-22.5,weathered_sandstone,2.356,5.291695883269958e-07
97,0,0,1,2.5,2.5,-19.5,clay,1.9361,1.5893427748182752e-06
98,1,0,1,7.5,2.5,-19.5,clay,1.9295,2.0944241691985777e-06
99,2,0,1,12.5,2.5,-19.5,clay,1.943,1.9341030380486625e-06
100,3,0,1,17.5,2.5,-19.5,clay,1.9531,1.7813034748784578e-06
101,4,0,1,22.5,2.5,-19.5,clay,1.9955,2.1729265634995194e-06
102,5,0,1,27.5,2.5,-19.5,clay,2.044,1.954785907222604e-06
103,6,0,1,32.5,2.5,-19.5,clay,2.0564,2.6742928856379343e-06
104,7,0,1,37.5,2.5,-19.5,sand_gravel,2.0339,5.01142429873471e-06
105,8,0,1,42.5,2.5,-19.5,sand_gravel,2.0346,7.853688645854294e-06
106,9,0,1,47.5,2.5,-19.5,sand_gravel,2.0787,9.203818275741604e-06
107,10,0,1,52.5,2.5,-19.5,sand_gravel,2.0643,1.0723191346957939e-05
108,11,0,1,57.5,2.5,-19.5,sand_gravel,2.0469,1.247688808751414e-05
109,0,1,1,2.5,7.5,-19.5,clay,1.9555,1.2118365850248045e-06
110,1,1,1,7.5,7.5,-19.5,clay,1.9651,1.5201969003301045e-06
111,2,1,1,12.5,7.5,-19.5,clay,1.9823,1.8557700577432168e-06
112,3,1,1,17.5,7.5,-19.5,clay,1.9952,1.9523130411225666e-06
113,4,1,1,22.5,7.5,-19.5,clay,2.0553,2.731230957691474e-06
114,5,1,1,27.5,7.5,-19.5,clay,2.0617,2.1653600734907806e-06
115,6,1,1,32.5,7.5,-19.5,clay,2.0784,2.2056894695124818e-06
116,7,1,1,37.5,7.5,-19.5,weathered_sandstone,2.1023,2.848870498673898e-06
117,8,1,1,42.5,7.5,-19.5,sand_gravel,2.1246,4.220604186325052e-06
118,9,1,1,47.5,7.5,-19.5,sand_gravel,2.1189,5.976812550833617e-06
119,10,1,1,52.5,7.5,-19.5,sand_gravel,2.1013,8.728496156929888e-06
120,11,1,1,57.5,7.5,-19.5,sand_gravel,2.0811,1.2573360388375051e-05
121,0,2,1,2.5,12.5,-19.5,clay,1.9746,8.093956513418096e-07
122,1,2,1,7.5,12.5,-19.5,clay,1.985,1.4847794470915884e-06
123,2,2,1,12.5,12.5,-19.5,clay,2.0067,3.2563070648948647e-06
124,3,2,1,17.5,12.5,-19.5,sand_gravel,2.0645,4.32842104163162e-06
125,4,2,1,22.5,12.5,-19.5,clay,2.0748,3.588301759443459e-06
126,5,2,1,27.5,12.5,-19.5,clay,2.0918,3.307605263444111e-06
127,6,2,1,32.5,12.5,-19.5,weathered_sandstone,2.1198,2.3216098161824314e-06
128,7,2,1,37.5,12.5,-19.5,weathered_sandstone,2.1999,1.9233046013215006e-06
129,8,2,1,42.5,12.5,-19.5,weathered_sandstone,2.2179,2.083151287965061e-06
130,9,2,1,47.5,12.5,-19.5,weathered_sandstone,2.1727,3.649158879643188e-06
131,10,2,1,52.5,12.5,-19.5,sand_gravel,2.1444,7.012881669382726e-06
132,11,2,1,57.5,12.5,-19.5,sand_gravel,2.1413,1.5925561267605652e-05
133,0,3,1,2.5,17.5,-19.5,clay,2.025,5.200309047595489e-07
134,1,3,1,7.5,17.5,-19.5,clay,2.0802,1.7160140904710946e-06
135,2,3,1,12.5,17.5,-19.5,sand_gravel,2.084,3.2497077692871896e-06
136,3,3,1,17.5,17.5,-19.5,sand_gravel,2.1214,1.1375022237395035e-05
137,4,3,1,22.5,17.5,-19.5,sand_gravel,2.1317,9.29988844755579e-06
138,5,3,1,27.5,17.5,-19.5,weathered_sandstone,2.1577,3.1972453896449168e-06
139,6,3,1,32.5,17.5,-19.5,weathered_sandstone,2.2339,1.3547826870198033e-06
140,7,3,1,37.5,17.5,-19.5,weathered_sandstone,2.2744,1.0276290559866798e-06
141,8,3,1,42.5,17.5,-19.5,weathered_sandstone,2.289,9.394999733776254e-07
142,9,3,1,47.5,17.5,-19.5,weathered_sandstone,2.2873,9.828285140991075e-07
143,10,3,1,52.5,17.5,-19.5,sand_gravel,2.2496,2.8040314780240386e-06
144,11,3,1,57.5,17.5,-19.5,sand_gravel,2.191,9.23524331341858e-06
145,0,4,1,2.5,22.5,-19.5,clay,2.0794,5.815560556575979e-07
146,1,4,1,7.5,22.5,-19.5,clay,2.1227,9.947899106810812e-07
147,2,4,1,12.5,22.5,-19.5,sand_gravel,2.1438,3.339133262784652e-06
148,3,4,1,17.5,22.5,-19.5,sand_gravel,2.1479,9.04269957298078e-06
149,4,4,1,22.5,22.5,-19.5,sand_gravel,2.1695,7.459151881292413e-06
150,5,4,1,27.5,22.5,-19.5,weathered_sandstone,2.2365,2.5859391854119247e-06
151,6,4,1,32.5,22.5,-19.5,weathered_sandstone,2.2675,1.3642579068265851e-06
152,7,4,1,37.5,22.5,-19.5,weathered_sandstone,2.2962,9.262251333976528e-07
153,8,4,1,42.5,22.5,-19.5,weathered_sandstone,2.316,6.841918085561793e-07
154,9,4,1,47.5,22.5,-19.5,moderate_sandstone,2.3574,4.988110804720151e-07
155,10,4,1,52.5,22.5,-19.5,moderate_sandstone,2.3363,7.849867312912652e-07
156,11,4,1,57.5,22.5,-19.5,sand_gravel,2.2439,3.817801246584455e-06
157,0,5,1,2.5,27.5,-19.5,weathered_sandstone,2.1512,7.338239513926618e-07
158,1,5,1,7.5,27.5,-19.5,weathered_sandstone,2.1788,8.617153610956944e-07
159,2,5,1,12.5,27.5,-19.5,weathered_sandstone,2.1994,1.5190589660975462e-06
160,3,5,1,17.5,27.5,-19.5,weathered_sandstone,2.2367,2.7720382579103276e-06
161,4,5,1,22.5,27.5,-19.5,weathered_sandstone,2.2639,2.0548534459528723e-06
162,5,5,1,27.5,27.5,-19.5,weathered_sandstone,2.2825,1.5780357551298105e-06
163,6,5,1,32.5,27.5,-19.5,weathered_sandstone,2.3135,1.1830122956638305e-06
164,7,5,1,37.5,27.5,-19.5,weathered_sandstone,2.3498,5.789900491310345e-07
165,8,5,1,42.5,27.5,-19.5,moderate_sandstone,2.3791,3.191382100057534e-07
166,9,5,1,47.5,27.5,-19.5,moderate_sandstone,2.4261,1.2458623081275322e-07
167,10,5,1,52.5,27.5,-19.5,moderate_sandstone,2.4187,1.4604664762965534e-07
168,11,5,1,57.5,27.5,-19.5,moderate_sandstone,2.3392,7.470405084083314e-07
169,0,6,1,2.5,32.5,-19.5,weathered_sandstone,2.2404,9.121225041877218e-07
170,1,6,1,7.5,32.5,-19.5,weathered_sandstone,2.2674,6.755645756931735e-07
171,2,6,1,12.5,32.5,-19.5,moderate_sandstone,2.3003,5.408755858521892e-07
172,3,6,1,17.5,32.5,-19.5,moderate_sandstone,2.3372,4.0217177948388753e-07
173,4,6,1,22.5,32.5,-19.5,moderate_sandstone,2.3487,5.710458427910945e-07
174,5,6,1,27.5,32.5,-19.5,weathered_sandstone,2.3243,9.335353016623245e-07
175,6,6,1,32.5,32.5,-19.5,weathered_sandstone,2.3335,7.826309277240462e-07
176,7,6,1,37.5,32.5,-19.5,moderate_sandstone,2.3931,2.444551531593706e-07
177,8,6,1,42.5,32.5,-19.5,moderate_sandstone,2.4179,1.4907831328708327e-07
178,9,6,1,47.5,32.5,-19.5,moderate_sandstone,2.4398,9.501640041277384e-08
179,10,6,1,52.5,32.5,-19.5,moderate_sandstone,2.4284,1.1995308734662188e-07
180,11,6,1,57.5,32.5,-19.5,weathered_sandstone,2.3633,4.5546920899046345e-07
181,0,7,1,2.5,37.5,-19.5,weathered_sandstone,2.3028,1.0491969346436717e-06
182,1,7,1,7.5,37.5,-19.5,weathered_sandstone,2.3049,6.239523816515615e-07
183,2,7,1,12.5,37.5,-19.5,moderate_sandstone,2.3558,2.4868171370265443e-07
184,3,7,1,17.5,37.5,-19.5,moderate_sandstone,2.4245,8.680225196705786e-08
185,4,7,1,22.5,37.5,-19.5,moderate_sandstone,2.4279,1.0133256583986935e-07
186,5,7,1,27.5,37.5,-19.5,moderate_sandstone,2.3839,2.7320579811638984e-07
187,6,7,1,32.5,37.5,-19.5,moderate_sandstone,2.3978,2.193830436461637e-07
188,7,7,1,37.5,37.5,-19.5,moderate_sandstone,2.4723,5.090973850580637e-08
189,8,7,1,42.5,37.5,-19.5,moderate_sandstone,2.4778,4.5866474662187946e-08
190,9,7,1,47.5,37.5,-19.5,moderate_sandstone,2.4276,1.242889753847924e-07
191,10,7,1,52.5,37.5,-19.5,moderate_sandstone,2.3887,2.713714131617062e-07
192,11,7,1,57.5,37.5,-19.5,weathered_sandstone,2.3419,7.059561104704744e-07
193,0,0,2,2.5,2.5,-16.5,clay,1.9205,1.8470551808489535e-06
194,1,0,2,7.5,2.5,-16.5,clay,1.9211,2.0717372239885324e-06
195,2,0,2,12.5,2.5,-16.5,clay,1.9377,1.6396949984887166e-06
196,3,0,2,17.5,2.5,-16.5,clay,1.9488,1.3249214026500914e-06
197,4,0,2,22.5,2.5,-16.5,clay,1.9853,1.5130506765054809e-06
198,5,0,2,27.5,2.5,-16.5,clay,2.0278,1.4973775513931877e-06
199,6,0,2,32.5,2.5,-16.5,clay,2.0416,2.488617948303405e-06
200,7,0,2,37.5,2.5,-16.5,sand_gravel,2.0273,6.1052047011574715e-06
201,8,0,2,42.5,2.5,-16.5,sand_gravel,2.0296,1.0669161857682646e-05
202,9,0,2,47.5,2.5,-16.5,sand_gravel,2.0631,1.2323971670049446e-05
203,10,0,2,52.5,2.5,-16.5,sand_gravel,2.0436,1.323722371129204e-05
204,11,0,2,57.5,2.5,-16.5,sand_gravel,2.0198,1.4790768682727632e-05
205,0,1,2,2.5,7.5,-16.5,clay,1.9441,1.2178298705210974e-06
206,1,1,2,7.5,7.5,-16.5,clay,1.9566,1.4860526722029388e-06
207,2,1,2,12.5,7.5,-16.5,clay,1.9759,1.7553681602754814e-06
208,3,1,2,17.5,7.5,-16.5,clay,1.989,1.7531785993046278e-06
209,4,1,2,22.5,7.5,-16.5,clay,2.0397,2.1049167094327685e-06
210,5,1,2,27.5,7.5,-16.5,clay,2.041,1.4853602433963831e-06
211,6,1,2,32.5,7.5,-16.5,clay,2.0575,1.6371332373582606e-06
212,7,1,2,37.5,7.5,-16.5,clay,2.0883,2.7552108520948854e-06
213,8,1,2,42.5,7.5,-16.5,sand_gravel,2.1108,5.081815892468306e-06
214,9,1,2,47.5,7.5,-16.5,sand_gravel,2.1043,7.4540658930576645e-06
215,10,1,2,52.5,7.5,-16.5,sand_gravel,2.0827,1.1062969853344297e-05
216,11,1,2,57.5,7.5,-16.5,sand_gravel,2.0593,1.6134577128454034e-05
217,0,2,2,2.5,12.5,-16.5,clay,1.9654,6.284747239292167e-07
218,1,2,2,7.5,12.5,-16.5,clay,1.9772,1.3783705637605584e-06
219,2,2,2,12.5,12.5,-16.5,clay,2.0046,3.6268641510825586e-06
220,3,2,2,17.5,12.5,-16.5,sand_gravel,2.059,5.954339714315243e-06
221,4,2,2,22.5,12.5,-16.5,sand_gravel,2.0687,7.001031367532214e-06
222,5,2,2,27.5,12.5,-16.5,clay,2.0723,2.5814997000463856e-06
223,6,2,2,32.5,12.5,-16.5,clay,2.102,1.744246719056204e-06
224,7,2,2,37.5,12.5,-16.5,weathered_sandstone,2.1901,1.8182190791121284e-06
225,8,2,2,42.5,12.5,-16.5,weathered_sandstone,2.213,2.2115208137515684e-06
226,9,2,2,47.5,12.5,-16.5,weathered_sandstone,2.162,4.384566110557237e-06
227,10,2,2,52.5,12.5,-16.5,sand_gravel,2.1255,1.0103768089177167e-05
228,11,2,2,57.5,12.5,-16.5,sand_gravel,2.1155,2.661456850483623e-05
229,0,3,2,2.5,17.5,-16.5,clay,1.9985,3.09778975748444e-07
230,1,3,2,7.5,17.5,-16.5,clay,1.9954,1.1708034894168365e-06
231,2,3,2,12.5,17.5,-16.5,sand_gravel,2.0744,5.0319225876122455e-06
232,3,3,2,17.5,17.5,-16.5,sand_gravel,2.0783,3.2418232263802626e-05
233,4,3,2,22.5,17.5,-16.5,sand_gravel,2.1088,2.4786995510361906e-05
234,5,3,2,27.5,17.5,-16.5,sand_gravel,2.1391,4.0038747364113266e-06
235,6,3,2,32.5,17.5,-16.5,weathered_sandstone,2.1967,2.2158869778271077e-06
236,7,3,2,37.5,17.5,-16.5,weathered_sandstone,2.264,1.5829844442300067e-06
237,8,3,2,42.5,17.5,-16.5,weathered_sandstone,2.2737,1.5826645009297649e-06
238,9,3,2,47.5,17.5,-16.5,weathered_sandstone,2.2442,2.333752668065242e-06
239,10,3,2,52.5,17.5,-16.5,sand_gravel,2.1866,9.939270351419261e-06
240,11,3,2,57.5,17.5,-16.5,sand_gravel,2.1217,4.2306733218802945e-05
241,0,4,2,2.5,22.5,-16.5,clay,2.0379,3.3791177213641186e-07
242,1,4,2,7.5,22.5,-16.5,clay,2.0958,8.79158062536327e-07
243,2,4,2,12.5,22.5,-16.5,sand_gravel,2.1248,5.382915185859613e-06
244,3,4,2,17.5,22.5,-16.5,sand_gravel,2.1204,2.8248446774868445e-05
245,4,4,2,22.5,22.5,-16.5,sand_gravel,2.1392,2.1567187177540322e-05
246,5,4,2,27.5,22.5,-16.5,weathered_sandstone,2.2204,3.583504145938229e-06
247,6,4,2,32.5,22.5,-16.5,weathered_sandstone,2.2604,1.513206353339514e-06
248,7,4,2,37.5,22.5,-16.5,weathered_sandstone,2.2924,1.1666242125692327e-06
249,8,4,2,42.5,22.5,-16.5,weathered_sandstone,2.3024,1.0320584471364517e-06
250,9,4,2,47.5,22.5,-16.5,weathered_sandstone,2.3295,8.747848658498579e-07
251,10,4,2,52.5,22.5,-16.5,moderate_sandstone,2.288,2.114626936767806e-06
252,11,4,2,57.5,22.5,-16.5,sand_gravel,2.1751,1.664716815985295e-05
253,0,5,2,2.5,27.5,-16.5,clay,2.1192,5.825582180097968e-07
254,1,5,2,7.5,27.5,-16.5,clay,2.1553,8.601468428359662e-07
255,2,5,2,12.5,27.5,-16.5,sand_gravel,2.1781,2.116748312811263e-06
256,3,5,2,17.5,27.5,-16.5,sand_gravel,2.1883,4.375359798557031e-06
257,4,5,2,22.5,27.5,-16.5,weathered_sandstone,2.2426,3.356117220294107e-06
258,5,5,2,27.5,27.5,-16.5,weathered_sandstone,2.2799,1.8213944777490065e-06
259,6,5,2,32.5,27.5,-16.5,weathered_sandstone,2.3019,1.4700455123937365e-06
260,7,5,2,37.5,27.5,-16.5,weathered_sandstone,2.3118,7.698557304368915e-07
261,8,5,2,42.5,27.5,-16.5,weathered_sandstone,2.3572,4.945357485251638e-07
262,9,5,2,47.5,27.5,-16.5,moderate_sandstone,2.3815,3.078395102482876e-07
263,10,5,2,52.5,27.5,-16.5,moderate_sandstone,2.3621,4.642585103297527e-07
264,11,5,2,57.5,27.5,-16.5,moderate_sandstone,2.291,2.009152901774084e-06
265,0,6,2,2.5,32.5,-16.5,weathered_sandstone,2.2232,8.701943933212299e-07
266,1,6,2,7.5,32.5,-16.5,weathered_sandstone,2.2285,7.515974007888038e-07
267,2,6,2,12.5,32.5,-16.5,moderate_sandstone,2.279,7.2182503014156e-07
268,3,6,2,17.5,32.5,-16.5,moderate_sandstone,2.3086,6.749482770937546e-07
269,4,6,2,22.5,32.5,-16.5,weathered_sandstone,2.3263,9.284936149668792e-07
270,5,6,2,27.5,32.5,-16.5,weathered_sandstone,2.307,1.3154852855101936e-06
271,6,6,2,32.5,32.5,-16.5,weathered_sandstone,2.3138,1.1473602204920625e-06
272,7,6,2,37.5,32.5,-16.5,weathered_sandstone,2.3765,3.401038233083106e-07
273,8,6,2,42.5,32.5,-16.5,moderate_sandstone,2.4007,2.1053637036862802e-07
274,9,6,2,47.5,32.5,-16.5,moderate_sandstone,2.407,1.856745777927451e-07
275,10,6,2,52.5,32.5,-16.5,moderate_sandstone,2.3879,2.746929780462948e-07
276,11,6,2,57.5,32.5,-16.5,weathered_sandstone,2.3414,7.142370921651704e-07
277,0,7,2,2.5,37.5,-16.5,weathered_sandstone,2.2972,9.991397035166535e-07
278,1,7,2,7.5,37.5,-16.5,weathered_sandstone,2.2954,6.5933305048001e-07
279,2,7,2,12.5,37.5,-16.5,moderate_sandstone,2.3337,3.4235384459038436e-07
280,3,7,2,17.5,37.5,-16.5,moderate_sandstone,2.3835,1.73952660206574e-07
281,4,7,2,22.5,37.5,-16.5,moderate_sandstone,2.3922,2.219916966512939e-07
282,5,7,2,27.5,37.5,-16.5,moderate_sandstone,2.3658,4.008789965986441e-07
283,6,7,2,32.5,37.5,-16.5,moderate_sandstone,2.3817,3.026882314099813e-07
284,7,7,2,37.5,37.5,-16.5,moderate_sandstone,2.4518,7.555494815273142e-08
285,8,7,2,42.5,37.5,-16.5,moderate_sandstone,2.4619,6.23199636717118e-08
286,9,7,2,47.5,37.5,-16.5,moderate_sandstone,2.4134,1.6567087784180742e-07
287,10,7,2,52.5,37.5,-16.5,weathered_sandstone,2.3745,3.633682259828834e-07
288,11,7,2,57.5,37.5,-16.5,weathered_sandstone,2.3377,7.686047856166789e-07
289,0,0,3,2.5,2.5,-13.5,fill,1.8999,2.4334417565729633e-06
290,1,0,3,7.5,2.5,-13.5,clay,1.91,2.142292805909377e-06
291,2,0,3,12.5,2.5,-13.5,clay,1.9313,1.3123453676087893e-06
292,3,0,3,17.5,2.5,-13.5,clay,1.9427,8.548747405448401e-07
293,4,0,3,22.5,2.5,-13.5,clay,1.9727,9.281372117899577e-07
294,5,0,3,27.5,2.5,-13.5,clay,2.0104,1.0686855740612451e-06
295,6,0,3,32.5,2.5,-13.5,clay,2.0262,2.3580985715772355e-06
296,7,0,3,37.5,2.5,-13.5,sand_gravel,2.0209,9.271087271695585e-06
297,8,0,3,42.5,2.5,-13.5,sand_gravel,2.0244,1.797043517472251e-05
298,9,0,3,47.5,2.5,-13.5,sand_gravel,2.013,1.848011619982961e-05
299,10,0,3,52.5,2.5,-13.5,sand_gravel,2.0194,1.611485441682937e-05
300,11,0,3,57.5,2.5,-13.5,fill,1.9849,1.6855318357072696e-05
301,0,1,3,2.5,7.5,-13.5,clay,1.9303,1.3298291911126294e-06
302,1,1,3,7.5,7.5,-13.5,clay,1.9464,1.4818354000235948e-06
303,2,1,3,12.5,7.5,-13.5,clay,1.9679,1.557669738566836e-06
304,3,1,3,17.5,7.5,-13.5,clay,1.9641,1.9567717273366423e-06
305,4,1,3,22.5,7.5,-13.5,clay,2.0217,1.3969547169234705e-06
306,5,1,3,27.5,7.5,-13.5,clay,2.0139,8.051555939307805e-07
307,6,1,3,32.5,7.5,-13.5,clay,2.0279,9.831642300047777e-07
308,7,1,3,37.5,7.5,-13.5,clay,2.0684,2.727839653195392e-06
309,8,1,3,42.5,7.5,-13.5,sand_gravel,2.0568,7.072654966432513e-06
310,9,1,3,47.5,7.5,-13.5,sand_gravel,2.0872,9.60899229707038e-06
311,10,1,3,52.5,7.5,-13.5,sand_gravel,2.0619,1.3653770218271733e-05
312,11,1,3,57.5,7.5,-13.5,sand_gravel,2.0342,1.9360309822431305e-05
313,0,2,3,2.5,12.5,-13.5,clay,1.957,4.974238766324513e-07
314,1,2,3,7.5,12.5,-13.5,clay,1.9706,1.2202260032288242e-06
315,2,2,3,12.5,12.5,-13.5,clay,2.0007,3.656214093743243e-06
316,3,2,3,17.5,12.5,-13.5,sand_gravel,2.0533,6.894191261878252e-06
317,4,2,3,22.5,12.5,-13.5,sand_gravel,2.0556,6.312869338248702e-06
318,5,2,3,27.5,12.5,-13.5,clay,2.0426,1.4467763482954085e-06
319,6,2,3,32.5,12.5,-13.5,clay,2.0673,1.031988658464911e-06
320,7,2,3,37.5,12.5,-13.5,weathered_sandstone,2.1404,1.7235235654925485e-06
321,8,2,3,42.5,12.5,-13.5,weathered_sandstone,2.2008,2.402049001351132e-06
322,9,2,3,47.5,12.5,-13.5,weathered_sandstone,2.1469,5.330551265949036e-06
323,10,2,3,52.5,12.5,-13.5,sand_gravel,2.1065,1.383259276229448e-05
324,11,2,3,57.5,12.5,-13.5,sand_gravel,2.0932,4.021302397297862e-05
325,0,3,3,2.5,17.5,-13.5,clay,1.9627,1.7194445709524778e-07
326,1,3,3,7.5,17.5,-13.5,clay,1.9869,8.823581619422751e-07
327,2,3,3,12.5,17.5,-13.5,sand_gravel,2.0294,9.375347018045822e-06
328,3,3,3,17.5,17.5,-13.5,sand_gravel,2.0769,7.74404629186403e-05
329,4,3,3,22.5,17.5,-13.5,sand_gravel,2.0813,6.19910163338776e-05
330,5,3,3,27.5,17.5,-13.5,sand_gravel,2.0998,6.1214445966753215e-06
331,6,3,3,32.5,17.5,-13.5,weathered_sandstone,2.1524,2.032108237175865e-06
332,7,3,3,37.5,17.5,-13.5,weathered_sandstone,2.2662,1.5550158492339013e-06
333,8,3,3,42.5,17.5,-13.5,weathered_sandstone,2.2756,1.620534729220703e-06
334,9,3,3,47.5,17.5,-13.5,weathered_sandstone,2.2309,2.9237180938798393e-06
335,10,3,3,52.5,17.5,-13.5,sand_gravel,2.1565,1.8279348112583344e-05
336,11,3,3,57.5,17.5,-13.5,sand_gravel,2.0836,0.00010905752361316797
337,0,4,3,2.5,22.5,-13.5,clay,1.9968,1.7606204751049603e-07
338,1,4,3,7.5,22.5,-13.5,clay,2.062,9.466860577205083e-07
339,2,4,3,12.5,22.5,-13.5,sand_gravel,2.1102,7.551333291404804e-06
340,3,4,3,17.5,22.5,-13.5,sand_gravel,2.0994,7.695776588075412e-05
341,4,4,3,22.5,22.5,-13.5,sand_gravel,2.1106,6.22581282944743e-05
342,5,4,3,27.5,22.5,-13.5,weathered_sandstone,2.2003,4.835574848853203e-06
343,6,4,3,32.5,22.5,-13.5,weathered_sandstone,2.2496,1.5802032334290176e-06
344,7,4,3,37.5,22.5,-13.5,weathered_sandstone,2.29,1.2714229399036288e-06
345,8,4,3,42.5,22.5,-13.5,weathered_sandstone,2.2964,1.2161613962397559e-06
346,9,4,3,47.5,22.5,-13.5,weathered_sandstone,2.3082,1.3474946784762803e-06
347,10,4,3,52.5,22.5,-13.5,sand_gravel,2.2424,5.398853558276916e-06
348,11,4,3,57.5,22.5,-13.5,sand_gravel,2.1111,6.874575365428566e-05
349,0,5,3,2.5,27.5,-13.5,clay,2.0847,4.4130420515743115e-07
350,1,5,3,7.5,27.5,-13.5,clay,2.1316,8.169633117575783e-07
351,2,5,3,12.5,27.5,-13.5,sand_gravel,2.1586,2.728615124311022e-06
352,3,5,3,17.5,27.5,-13.5,sand_gravel,2.1651,7.416327213562528e-06
353,4,5,3,22.5,27.5,-13.5,weathered_sandstone,2.2201,5.349013981896123e-06
354,5,5,3,27.5,27.5,-13.5,weathered_sandstone,2.2696,2.0387777129074657e-06
355,6,5,3,32.5,27.5,-13.5,weathered_sandstone,2.2823,1.5237727519413213e-06
356,7,5,3,37.5,27.5,-13.5,weathered_sandstone,2.302,8.72115441562597e-07
357,8,5,3,42.5,27.5,-13.5,weathered_sandstone,2.3406,6.894260941199596e-07
358,9,5,3,47.5,27.5,-13.5,weathered_sandstone,2.3466,6.248625565144192e-07
359,10,5,3,52.5,27.5,-13.5,moderate_sandstone,2.3131,1.2666273727251492e-06
360,11,5,3,57.5,27.5,-13.5,sand_gravel,2.2434,5.352449574036388e-06
361,0,6,3,2.5,32.5,-13.5,weathered_sandstone,2.195,8.000818326230065e-07
362,1,6,3,7.5,32.5,-13.5,weathered_sandstone,2.2072,7.800162973517495e-07
363,2,6,3,12.5,32.5,-13.5,weathered_sandstone,2.2565,9.525266774577174e-07
364,3,6,3,17.5,32.5,-13.5,moderate_sandstone,2.28,1.108135407045024e-06
365,4,6,3,22.5,32.5,-13.5,weathered_sandstone,2.3085,1.3839519225516381e-06
366,5,6,3,27.5,32.5,-13.5,weathered_sandstone,2.2931,1.3779161324526993e-06
367,6,6,3,32.5,32.5,-13.5,weathered_sandstone,2.3153,1.1250771835859153e-06
368,7,6,3,37.5,32.5,-13.5,weathered_sandstone,2.363,4.4637335590525046e-07
369,8,6,3,42.5,32.5,-13.5,moderate_sandstone,2.3802,3.16912463483164e-07
370,9,6,3,47.5,32.5,-13.5,moderate_sandstone,2.378,3.3423730419613076e-07
371,10,6,3,52.5,32.5,-13.5,moderate_sandstone,2.355,5.384984797192835e-07
372,11,6,3,57.5,32.5,-13.5,weathered_sandstone,2.3199,1.109441651481933e-06
373,0,7,3,2.5,37.5,-13.5,weathered_sandstone,2.2805,8.61109512321156e-07
374,1,7,3,7.5,37.5,-13.5,weathered_sandstone,2.2817,6.725029643520111e-07
375,2,7,3,12.5,37.5,-13.5,moderate_sandstone,2.3091,4.7459626765859267e-07
376,3,7,3,17.5,37.5,-13.5,moderate_sandstone,2.3422,3.4469841079970436e-07
377,4,7,3,22.5,37.5,-13.5,moderate_sandstone,2.3608,4.436390962573093e-07
378,5,7,3,27.5,37.5,-13.5,weathered_sandstone,2.3535,5.254417404136208e-07
379,6,7,3,32.5,37.5,-13.5,weathered_sandstone,2.3686,3.9503937036893506e-07
380,7,7,3,37.5,37.5,-13.5,moderate_sandstone,2.4246,1.2762831255372138e-07
381,8,7,3,42.5,37.5,-13.5,moderate_sandstone,2.438,9.887678712203655e-08
382,9,7,3,47.5,37.5,-13.5,moderate_sandstone,2.3945,2.4201177357045335e-07
383,10,7,3,52.5,37.5,-13.5,weathered_sandstone,2.3626,4.6243340666876233e-07
384,11,7,3,57.5,37.5,-13.5,weathered_sandstone,2.3366,7.868832360901677e-07
385,0,0,4,2.5,2.5,-10.5,fill,1.864,4.582924003737345e-06
386,1,0,4,7.5,2.5,-10.5,clay,1.896,2.388327966875471e-06
387,2,0,4,12.5,2.5,-10.5,clay,1.9244,9.987389549219457e-07
388,3,0,4,17.5,2.5,-10.5,clay,1.9352,4.643077451612025e-07
389,4,0,4,22.5,2.5,-10.5,clay,1.9581,4.983706319833879e-07
390,5,0,4,27.5,2.5,-10.5,clay,1.9943,7.512179253744947e-07
391,6,0,4,32.5,2.5,-10.5,clay,2.0133,2.404502370795493e-06
392,7,0,4,37.5,2.5,-10.5,sand_gravel,2.018,2.0266225845723686e-05
393,8,0,4,42.5,2.5,-10.5,sand_gravel,2.0218,3.974129669305733e-05
394,9,0,4,47.5,2.5,-10.5,sand_gravel,2.0062,2.597916007988186e-05
395,10,0,4,52.5,2.5,-10.5,fill,1.9924,1.8847024710873675e-05
396,11,0,4,57.5,2.5,-10.5,fill,1.9405,1.8162316386973877e-05
397,0,1,4,2.5,7.5,-10.5,clay,1.9131,1.6671894401162687e-06
398,1,1,4,7.5,7.5,-10.5,clay,1.9342,1.547718108585849e-06
399,2,1,4,12.5,7.5,-10.5,clay,1.9445,1.7138466930329518e-06
400,3,1,4,17.5,7.5,-10.5,clay,1.9569,1.307506708226389e-06
401,4,1,4,22.5,7.5,-10.5,clay,2.0033,8.444088966375386e-07
402,5,1,4,27.5,7.5,-10.5,clay,1.9837,3.609560181750895e-07
403,6,1,4,32.5,7.5,-10.5,clay,1.9933,4.6487447726133544e-07
404,7,1,4,37.5,7.5,-10.5,clay,2.047,2.8893867129926437e-06
405,8,1,4,42.5,7.5,-10.5,sand_gravel,2.0437,9.844676985717933e-06
406,9,1,4,47.5,7.5,-10.5,sand_gravel,2.069,1.2617087836704034e-05
407,10,1,4,52.5,7.5,-10.5,sand_gravel,2.0393,1.602077943364519e-05
408,11,1,4,57.5,7.5,-10.5,sand_gravel,2.0047,2.1064384190693927e-05
409,0,2,4,2.5,12.5,-10.5,clay,1.9497,4.611963652639177e-07
410,1,2,4,7.5,12.5,-10.5,clay,1.9634,1.1286455644619305e-06
411,2,2,4,12.5,12.5,-10.5,clay,1.9936,3.155509901063657e-06
412,3,2,4,17.5,12.5,-10.5,sand_gravel,2.0165,6.305834951107824e-06
413,4,2,4,22.5,12.5,-10.5,clay,2.0401,3.932049186918358e-06
414,5,2,4,27.5,12.5,-10.5,clay,2.0036,5.465639210068252e-07
415,6,2,4,32.5,12.5,-10.5,clay,2.0174,4.5267379565644206e-07
416,7,2,4,37.5,12.5,-10.5,weathered_sandstone,2.1062,1.4527327130590215e-06
417,8,2,4,42.5,12.5,-10.5,weathered_sandstone,2.1356,4.085162350537338e-06
418,9,2,4,47.5,12.5,-10.5,sand_gravel,2.1266,6.568778711086797e-06
419,10,2,4,52.5,12.5,-10.5,sand_gravel,2.0886,1.6788065016964275e-05
420,11,2,4,57.5,12.5,-10.5,sand_gravel,2.0599,4.253718806073383e-05
421,0,3,4,2.5,17.5,-10.5,clay,1.956,1.1878202079581255e-07
422,1,3,4,7.5,17.5,-10.5,clay,1.98,7.157565493077384e-07
423,2,3,4,12.5,17.5,-10.5,sand_gravel,2.0244,8.26070411485881e-06
424,3,3,4,17.5,17.5,-10.5,sand_gravel,2.0745,7.232649071045679e-05
425,4,3,4,22.5,17.5,-10.5,sand_gravel,2.0768,5.490599403576015e-05
426,5,3,4,27.5,17.5,-10.5,sand_gravel,2.0795,4.342540401928183e-06
427,6,3,4,32.5,17.5,-10.5,weathered_sandstone,2.1203,1.591225808853849e-06
428,7,3,4,37.5,17.5,-10.5,weathered_sandstone,2.234,1.5521545993883037e-06
429,8,3,4,42.5,17.5,-10.5,weathered_sandstone,2.2522,1.7910042677598436e-06
430,9,3,4,47.5,17.5,-10.5,weathered_sandstone,2.2128,3.677818085446921e-06
431,10,3,4,52.5,17.5,-10.5,sand_gravel,2.1156,2.2487758476101655e-05
432,11,3,4,57.5,17.5,-10.5,sand_gravel,2.07,0.00015183983264579215
433,0,4,4,2.5,22.5,-10.5,clay,1.9744,1.1878842650148939e-07
434,1,4,4,7.5,22.5,-10.5,clay,2.0456,7.784050279430979e-07
435,2,4,4,12.5,22.5,-10.5,sand_gravel,2.1019,7.417963166314029e-06
436,3,4,4,17.5,22.5,-10.5,sand_gravel,2.096,7.879148425196517e-05
437,4,4,4,22.5,22.5,-10.5,sand_gravel,2.1048,6.543401834127996e-05
438,5,4,4,27.5,22.5,-10.5,weathered_sandstone,2.1829,5.208714127963665e-06
439,6,4,4,32.5,22.5,-10.5,weathered_sandstone,2.2328,1.5550843223346386e-06
440,7,4,4,37.5,22.5,-10.5,weathered_sandstone,2.2774,1.174674732386066e-06
441,8,4,4,42.5,22.5,-10.5,weathered_sandstone,2.2869,1.1553113014811954e-06
442,9,4,4,47.5,22.5,-10.5,weathered_sandstone,2.2674,1.5458905251673446e-06
443,10,4,4,52.5,22.5,-10.5,sand_gravel,2.216,9.299925857091566e-06
444,11,4,4,57.5,22.5,-10.5,sand_gravel,2.0873,0.00011600031017356618
445,0,5,4,2.5,27.5,-10.5,clay,2.0604,3.6802285829220744e-07
446,1,5,4,7.5,27.5,-10.5,clay,2.1135,7.661957830604607e-07
447,2,5,4,12.5,27.5,-10.5,sand_gravel,2.1443,2.9420010823230345e-06
448,3,5,4,17.5,27.5,-10.5,sand_gravel,2.1512,8.697080831268806e-06
449,4,5,4,22.5,27.5,-10.5,sand_gravel,2.204,6.7478276874379365e-06
450,5,5,4,27.5,27.5,-10.5,weathered_sandstone,2.2496,2.371956725464652e-06
451,6,5,4,32.5,27.5,-10.5,weathered_sandstone,2.2704,1.4573950977180081e-06
452,7,5,4,37.5,27.5,-10.5,weathered_sandstone,2.2922,9.016152543512807e-07
453,8,5,4,42.5,27.5,-10.5,weathered_sandstone,2.305,7.24487937227576e-07
454,9,5,4,47.5,27.5,-10.5,weathered_sandstone,2.3241,9.895239485626281e-07
455,10,5,4,52.5,27.5,-10.5,weathered_sandstone,2.2816,2.4128304900455084e-06
456,11,5,4,57.5,27.5,-10.5,sand_gravel,2.2147,9.660462671660562e-06
457,0,6,4,2.5,32.5,-10.5,weathered_sandstone,2.1654,7.444025266752217e-07
458,1,6,4,7.5,32.5,-10.5,weathered_sandstone,2.186,7.963219696813505e-07
459,2,6,4,12.5,32.5,-10.5,weathered_sandstone,2.204,1.2173061382502932e-06
460,3,6,4,17.5,32.5,-10.5,weathered_sandstone,2.258,1.5494882455576744e-06
461,4,6,4,22.5,32.5,-10.5,weathered_sandstone,2.2731,1.5734279552982076e-06
462,5,6,4,27.5,32.5,-10.5,weathered_sandstone,2.2854,1.3371614652513337e-06
463,6,6,4,32.5,32.5,-10.5,weathered_sandstone,2.3232,9.877511151673937e-07
464,7,6,4,37.5,32.5,-10.5,weathered_sandstone,2.3549,5.284073701506968e-07
465,8,6,4,42.5,32.5,-10.5,weathered_sandstone,2.3624,4.530439582140061e-07
466,9,6,4,47.5,32.5,-10.5,weathered_sandstone,2.3555,5.276068756862562e-07
467,10,6,4,52.5,32.5,-10.5,weathered_sandstone,2.3311,8.766212212345253e-07
468,11,6,4,57.5,32.5,-10.5,weathered_sandstone,2.3006,1.647835456858767e-06
469,0,7,4,2.5,37.5,-10.5,weathered_sandstone,2.2354,9.249783905220517e-07
470,1,7,4,7.5,37.5,-10.5,weathered_sandstone,2.2655,6.85453686930523e-07
471,2,7,4,12.5,37.5,-10.5,weathered_sandstone,2.287,6.147666791956677e-07
472,3,7,4,17.5,37.5,-10.5,moderate_sandstone,2.311,5.582950054423343e-07
473,4,7,4,22.5,37.5,-10.5,weathered_sandstone,2.3402,7.025618439586767e-07
474,5,7,4,27.5,37.5,-10.5,weathered_sandstone,2.3466,6.180133852903807e-07
475,6,7,4,32.5,37.5,-10.5,weathered_sandstone,2.3608,4.667561530286166e-07
476,7,7,4,37.5,37.5,-10.5,moderate_sandstone,2.4065,1.8101631857079824e-07
477,8,7,4,42.5,37.5,-10.5,moderate_sandstone,2.3914,2.55868921414162e-07
478,9,7,4,47.5,37.5,-10.5,moderate_sandstone,2.3758,3.522795152600618e-07
479,10,7,4,52.5,37.5,-10.5,weathered_sandstone,2.3513,5.814304776743284e-07
480,11,7,4,57.5,37.5,-10.5,weathered_sandstone,2.331,8.823761856298671e-07
481,0,0,5,2.5,2.5,-7.5,fill,1.8347,8.04869869808218e-06
482,1,0,5,7.5,2.5,-7.5,fill,1.8801,2.9171674886587206e-06
483,2,0,5,12.5,2.5,-7.5,clay,1.9183,7.643780886524277e-07
484,3,0,5,17.5,2.5,-7.5,clay,1.9278,2.2893818479335638e-07
485,4,0,5,22.5,2.5,-7.5,clay,1.9426,2.472792982704389e-07
486,5,0,5,27.5,2.5,-7.5,clay,1.9678,6.3177467344445e-07
487,6,0,5,32.5,2.5,-7.5,clay,1.9928,3.0186522402709637e-06
488,7,0,5,37.5,2.5,-7.5,sand_gravel,2.0203,5.7940132494815884e-05
489,8,0,5,42.5,2.5,-7.5,sand_gravel,2.023,9.529243368515233e-05
490,9,0,5,47.5,2.5,-7.5,sand_gravel,2.001,3.4993552220115056e-05
491,10,0,5,52.5,2.5,-7.5,fill,1.9651,2.0652538061919145e-05
492,11,0,5,57.5,2.5,-7.5,fill,1.8913,1.8502322134970605e-05
493,0,1,5,2.5,7.5,-7.5,fill,1.8926,2.414483034239084e-06
494,1,1,5,7.5,7.5,-7.5,clay,1.9208,1.715774795308605e-06
495,2,1,5,12.5,7.5,-7.5,clay,1.9368,1.3953503097203855e-06
496,3,1,5,17.5,7.5,-7.5,clay,1.9486,8.421807701637862e-07
497,4,1,5,22.5,7.5,-7.5,clay,1.9688,6.177779891446523e-07
498,5,1,5,27.5,7.5,-7.5,clay,1.9647,2.078925450399031e-07
499,6,1,5,32.5,7.5,-7.5,clay,1.971,2.6522094804328173e-07
500,7,1,5,37.5,7.5,-7.5,clay,2.0141,3.850847567414662e-06
501,8,1,5,42.5,7.5,-7.5,sand_gravel,2.0321,1.4314966535598973e-05
502,9,1,5,47.5,7.5,-7.5,sand_gravel,2.0524,1.6052645454154203e-05
503,10,1,5,52.5,7.5,-7.5,sand_gravel,2.0169,1.7652796456861305e-05
504,11,1,5,57.5,7.5,-7.5,fill,1.9728,2.0992003612519814e-05
505,0,2,5,2.5,12.5,-7.5,clay,1.942,5.59154746608392e-07
506,1,2,5,7.5,12.5,-7.5,clay,1.9557,1.1448273364076641e-06
507,2,2,5,12.5,12.5,-7.5,clay,1.9838,2.420398275488695e-06
508,3,2,5,17.5,12.5,-7.5,clay,2.0033,3.56216714122141e-06
509,4,2,5,22.5,12.5,-7.5,clay,2.0252,2.05864738878848e-06
510,5,2,5,27.5,12.5,-7.5,clay,1.9757,2.545979998543604e-07
511,6,2,5,32.5,12.5,-7.5,clay,1.9821,2.389204430690544e-07
512,7,2,5,37.5,12.5,-7.5,clay,2.0727,1.2957428768316263e-06
513,8,2,5,42.5,12.5,-7.5,weathered_sandstone,2.1054,4.940587284944207e-06
514,9,2,5,47.5,12.5,-7.5,sand_gravel,2.1044,7.978196064999074e-06
515,10,2,5,52.5,12.5,-7.5,sand_gravel,2.0721,1.774744727347011e-05
516,11,2,5,57.5,12.5,-7.5,sand_gravel,2.0463,3.792913847973226e-05
517,0,3,5,2.5,17.5,-7.5,clay,1.9562,1.4626510980153208e-07
518,1,3,5,7.5,17.5,-7.5,clay,1.9757,7.193311612730663e-07
519,2,3,5,12.5,17.5,-7.5,sand_gravel,2.0142,5.410275288800236e-06
520,3,3,5,17.5,17.5,-7.5,sand_gravel,2.0666,2.40215778672917e-05
521,4,3,5,22.5,17.5,-7.5,sand_gravel,2.0676,1.5751717324364803e-05
522,5,3,5,27.5,17.5,-7.5,clay,2.061,2.5444731024230735e-06
523,6,3,5,32.5,17.5,-7.5,clay,2.0873,1.2453266158376798e-06
524,7,3,5,37.5,17.5,-7.5,weathered_sandstone,2.1653,2.3852762159797754e-06
525,8,3,5,42.5,17.5,-7.5,weathered_sandstone,2.2142,2.117496790479976e-06
526,9,3,5,47.5,17.5,-7.5,weathered_sandstone,2.1546,5.418282522224374e-06
527,10,3,5,52.5,17.5,-7.5,sand_gravel,2.1041,2.248157972288723e-05
528,11,3,5,57.5,17.5,-7.5,sand_gravel,2.0772,0.00010515784498542398
529,0,4,5,2.5,22.5,-7.5,clay,1.9736,1.3550387108291156e-07
530,1,4,5,7.5,22.5,-7.5,clay,2.0124,8.312807227007147e-07
531,2,4,5,12.5,22.5,-7.5,sand_gravel,2.0728,4.327912820842544e-06
532,3,4,5,17.5,22.5,-7.5,sand_gravel,2.0873,2.71968831741118e-05
533,4,4,5,22.5,22.5,-7.5,sand_gravel,2.1137,2.5207650066218284e-05
534,5,4,5,27.5,22.5,-7.5,weathered_sandstone,2.1439,4.245372777433318e-06
535,6,4,5,32.5,22.5,-7.5,weathered_sandstone,2.1891,2.3332249379650713e-06
536,7,4,5,37.5,22.5,-7.5,weathered_sandstone,2.2563,1.0325568805459175e-06
537,8,4,5,42.5,22.5,-7.5,weathered_sandstone,2.27,1.067710269908023e-06
538,9,4,5,47.5,22.5,-7.5,weathered_sandstone,2.2512,1.7902657225945955e-06
539,10,4,5,52.5,22.5,-7.5,sand_gravel,2.1832,1.139773955326444e-05
540,11,4,5,57.5,22.5,-7.5,sand_gravel,2.1036,7.280995263648422e-05
541,0,5,5,2.5,27.5,-7.5,clay,2.0532,3.838622040533369e-07
542,1,5,5,7.5,27.5,-7.5,clay,2.1047,7.486338367331494e-07
543,2,5,5,12.5,27.5,-7.5,sand_gravel,2.1355,2.649166852552641e-06
544,3,5,5,17.5,27.5,-7.5,sand_gravel,2.1454,6.900913026704913e-06
545,4,5,5,22.5,27.5,-7.5,sand_gravel,2.1668,6.16602636014147e-06
546,5,5,5,27.5,27.5,-7.5,weathered_sandstone,2.2322,2.463352150740033e-06
547,6,5,5,32.5,27.5,-7.5,weathered_sandstone,2.2557,1.4009586379126261e-06
548,7,5,5,37.5,27.5,-7.5,weathered_sandstone,2.2806,8.92642447046301e-07
549,8,5,5,42.5,27.5,-7.5,weathered_sandstone,2.2907,7.913240068168952e-07
550,9,5,5,47.5,27.5,-7.5,weathered_sandstone,2.3101,1.3187926541701137e-06
551,10,5,5,52.5,27.5,-7.5,weathered_sandstone,2.2672,3.2416203479286647e-06
552,11,5,5,57.5,27.5,-7.5,sand_gravel,2.1873,1.1737817731504671e-05
553,0,6,5,2.5,32.5,-7.5,weathered_sandstone,2.1429,7.365441565186816e-07
554,1,6,5,7.5,32.5,-7.5,weathered_sandstone,2.169,8.076237948140917e-07
555,2,6,5,12.5,32.5,-7.5,weathered_sandstone,2.1867,1.3229567699796417e-06
556,3,6,5,17.5,32.5,-7.5,weathered_sandstone,2.2007,1.9164223412270514e-06
557,4,6,5,22.5,32.5,-7.5,weathered_sandstone,2.2591,1.7906440925715858e-06
558,5,6,5,27.5,32.5,-7.5,weathered_sandstone,2.2739,1.3473593292188502e-06
559,6,6,5,32.5,32.5,-7.5,weathered_sandstone,2.2875,9.997733301596962e-07
560,7,6,5,37.5,32.5,-7.5,weathered_sandstone,2.3093,6.28848803574411e-07
561,8,6,5,42.5,32.5,-7.5,weathered_sandstone,2.3488,5.959237231415235e-07
562,9,6,5,47.5,32.5,-7.5,weathered_sandstone,2.3389,7.386368310279528e-07
563,10,6,5,52.5,32.5,-7.5,weathered_sandstone,2.3149,1.2206576258761649e-06
564,11,6,5,57.5,32.5,-7.5,weathered_sandstone,2.2872,2.1679583402381453e-06
565,0,7,5,2.5,37.5,-7.5,weathered_sandstone,2.2074,9.071159056547147e-07
566,1,7,5,7.5,37.5,-7.5,weathered_sandstone,2.25,7.039277354152904e-07
567,2,7,5,12.5,37.5,-7.5,weathered_sandstone,2.2691,7.342265496034564e-07
568,3,7,5,17.5,37.5,-7.5,moderate_sandstone,2.2892,7.507024918923903e-07
569,4,7,5,22.5,37.5,-7.5,weathered_sandstone,2.327,9.451041275752114e-07
570,5,7,5,27.5,37.5,-7.5,weathered_sandstone,2.3064,7.36109098712568e-07
571,6,7,5,32.5,37.5,-7.5,weathered_sandstone,2.3554,5.284639572050505e-07
572,7,7,5,37.5,37.5,-7.5,moderate_sandstone,2.3968,2.1843425828442598e-07
573,8,7,5,42.5,37.5,-7.5,moderate_sandstone,2.3713,3.821565049412806e-07
574,9,7,5,47.5,37.5,-7.5,weathered_sandstone,2.3598,4.860246615573111e-07
575,10,7,5,52.5,37.5,-7.5,weathered_sandstone,2.3404,7.255425898878048e-07
576,11,7,5,57.5,37.5,-7.5,weathered_sandstone,2.3227,1.0443484993751439e-06
577,0,0,6,2.5,2.5,-4.5,fill,1.8081,1.3862967348886756e-05
578,1,0,6,7.5,2.5,-4.5,fill,1.8657,3.7002003608804486e-06
579,2,0,6,12.5,2.5,-4.5,clay,1.9138,6.673554358260748e-07
580,3,0,6,17.5,2.5,-4.5,clay,1.9238,1.4738753845748492e-07
581,4,0,6,22.5,2.5,-4.5,clay,1.9327,1.5664261794769267e-07
582,5,0,6,27.5,2.5,-4.5,clay,1.964,5.940347386980724e-07
583,6,0,6,32.5,2.5,-4.5,clay,1.9928,3.7691170479146776e-06
584,7,0,6,37.5,2.5,-4.5,sand_gravel,2.022,9.20342849079203e-05
585,8,0,6,42.5,2.5,-4.5,sand_gravel,2.0236,0.00013252806607069
586,9,0,6,47.5,2.5,-4.5,sand_gravel,1.996,3.902512669979088e-05
587,10,0,6,52.5,2.5,-4.5,fill,1.9261,2.1628682054178327e-05
588,11,0,6,57.5,2.5,-4.5,fill,1.8553,1.8327061684420968e-05
589,0,1,6,2.5,7.5,-4.5,fill,1.8732,3.5882703166123336e-06
590,1,1,6,7.5,7.5,-4.5,clay,1.8987,2.4003746497789478e-06
591,2,1,6,12.5,7.5,-4.5,clay,1.9299,1.2194381844858705e-06
592,3,1,6,17.5,7.5,-4.5,clay,1.9421,6.255363308679954e-07
593,4,1,6,22.5,7.5,-4.5,clay,1.9627,5.136544502263412e-07
594,5,1,6,27.5,7.5,-4.5,clay,1.9695,2.5758757583550854e-07
595,6,1,6,32.5,7.5,-4.5,clay,1.9778,3.7887991316593007e-07
596,7,1,6,37.5,7.5,-4.5,sand_gravel,2.01,5.074971292570825e-06
597,8,1,6,42.5,7.5,-4.5,sand_gravel,2.0239,1.771745361372022e-05
598,9,1,6,47.5,7.5,-4.5,sand_gravel,2.0114,1.8996398506765922e-05
599,10,1,6,52.5,7.5,-4.5,fill,1.9987,1.8327861362458613e-05
600,11,1,6,57.5,7.5,-4.5,fill,1.947,2.009906055319195e-05
601,0,2,6,2.5,12.5,-4.5,clay,1.9328,8.217588718722331e-07
602,1,2,6,7.5,12.5,-4.5,clay,1.9477,1.2516579007928465e-06
603,2,2,6,12.5,12.5,-4.5,clay,1.9733,1.8438256717078774e-06
604,3,2,6,17.5,12.5,-4.5,clay,1.9895,1.987232614590844e-06
605,4,2,6,22.5,12.5,-4.5,clay,2.0175,1.363607553765132e-06
606,5,2,6,27.5,12.5,-4.5,clay,1.9813,3.0548683357673353e-07
607,6,2,6,32.5,12.5,-4.5,clay,1.9877,3.0549269298030214e-07
608,7,2,6,37.5,12.5,-4.5,clay,2.0556,1.4166775714660735e-06
609,8,2,6,42.5,12.5,-4.5,sand_gravel,2.0809,5.998882102586965e-06
610,9,2,6,47.5,12.5,-4.5,sand_gravel,2.0844,9.217407240440014e-06
611,10,2,6,52.5,12.5,-4.5,sand_gravel,2.0572,1.7130606407533973e-05
612,11,2,6,57.5,12.5,-4.5,sand_gravel,2.0321,2.965304338087027e-05
613,0,3,6,2.5,17.5,-4.5,clay,1.9577,2.707972822905285e-07
614,1,3,6,7.5,17.5,-4.5,clay,1.9722,8.491948009496354e-07
615,2,3,6,12.5,17.5,-4.5,clay,2.0022,3.3550732332390866e-06
616,3,3,6,17.5,17.5,-4.5,sand_gravel,2.0562,6.971466722014269e-06
617,4,3,6,22.5,17.5,-4.5,sand_gravel,2.0568,4.591104251147445e-06
618,5,3,6,27.5,17.5,-4.5,clay,2.0515,1.8190915730698666e-06
619,6,3,6,32.5,17.5,-4.5,clay,2.0692,1.1751201620621987e-06
620,7,3,6,37.5,17.5,-4.5,weathered_sandstone,2.1272,2.7418140274652624e-06
621,8,3,6,42.5,17.5,-4.5,weathered_sandstone,2.1813,2.5055267003151435e-06
622,9,3,6,47.5,17.5,-4.5,sand_gravel,2.1289,6.40549798904389e-06
623,10,3,6,52.5,17.5,-4.5,sand_gravel,2.0949,1.8867002796880892e-05
624,11,3,6,57.5,17.5,-4.5,sand_gravel,2.0866,5.774807881720281e-05
625,0,4,6,2.5,22.5,-4.5,clay,1.9885,2.324101565297116e-07
626,1,4,6,7.5,22.5,-4.5,clay,1.9895,8.135065370832017e-07
627,2,4,6,12.5,22.5,-4.5,clay,2.0191,4.1083612670560335e-06
628,3,4,6,17.5,22.5,-4.5,sand_gravel,2.0742,1.0432070500713099e-05
629,4,4,6,22.5,22.5,-4.5,sand_gravel,2.0872,8.769785650256198e-06
630,5,4,6,27.5,22.5,-4.5,sand_gravel,2.1084,4.745684430767024e-06
631,6,4,6,32.5,22.5,-4.5,weathered_sandstone,2.1697,2.2981327638124e-06
632,7,4,6,37.5,22.5,-4.5,weathered_sandstone,2.2015,1.8506060801788927e-06
633,8,4,6,42.5,22.5,-4.5,weathered_sandstone,2.2133,2.1845170165914847e-06
634,9,4,6,47.5,22.5,-4.5,weathered_sandstone,2.1982,4.140434069673754e-06
635,10,4,6,52.5,22.5,-4.5,sand_gravel,2.1521,1.7960424331518305e-05
636,11,4,6,57.5,22.5,-4.5,sand_gravel,2.1098,4.9053075803102205e-05
637,0,5,6,2.5,27.5,-4.5,clay,2.0579,4.851585336343966e-07
638,1,5,6,7.5,27.5,-4.5,clay,2.0928,1.1389767170710018e-06
639,2,5,6,12.5,27.5,-4.5,sand_gravel,2.1308,2.175246995157798e-06
640,3,5,6,17.5,27.5,-4.5,sand_gravel,2.1421,4.650964043986905e-06
641,4,5,6,22.5,27.5,-4.5,sand_gravel,2.1606,4.42771373912593e-06
642,5,5,6,27.5,27.5,-4.5,weathered_sandstone,2.2212,2.2316744095510178e-06
643,6,5,6,32.5,27.5,-4.5,weathered_sandstone,2.2423,1.3280525302787814e-06
644,7,5,6,37.5,27.5,-4.5,weathered_sandstone,2.268,8.726634605920236e-07
645,8,5,6,42.5,27.5,-4.5,weathered_sandstone,2.2767,8.339285206852552e-07
646,9,5,6,47.5,27.5,-4.5,weathered_sandstone,2.3019,1.561299773831136e-06
647,10,5,6,52.5,27.5,-4.5,weathered_sandstone,2.2644,3.424979389132569e-06
648,11,5,6,57.5,27.5,-4.5,sand_gravel,2.1906,9.717180182936441e-06
649,0,6,6,2.5,32.5,-4.5,clay,2.1293,7.843821642646988e-07
650,1,6,6,7.5,32.5,-4.5,clay,2.1576,8.19487517254283e-07
651,2,6,6,12.5,32.5,-4.5,weathered_sandstone,2.174,1.3263774060505148e-06
652,3,6,6,17.5,32.5,-4.5,weathered_sandstone,2.1865,1.8932497852401626e-06
653,4,6,6,22.5,32.5,-4.5,weathered_sandstone,2.2492,1.8197730472062221e-06
654,5,6,6,27.5,32.5,-4.5,weathered_sandstone,2.2626,1.3453312293186696e-06
655,6,6,6,32.5,32.5,-4.5,weathered_sandstone,2.2763,9.89583401716424e-07
656,7,6,6,37.5,32.5,-4.5,weathered_sandstone,2.296,6.749320021350443e-07
657,8,6,6,42.5,32.5,-4.5,weathered_sandstone,2.3387,7.314034398887261e-07
658,9,6,6,47.5,32.5,-4.5,weathered_sandstone,2.3273,9.359680509583758e-07
659,10,6,6,52.5,32.5,-4.5,weathered_sandstone,2.305,1.4908170596361375e-06
660,11,6,6,57.5,32.5,-4.5,weathered_sandstone,2.2808,2.4682384410743254e-06
661,0,7,6,2.5,37.5,-4.5,weathered_sandstone,2.1854,9.30864993069111e-07
662,1,7,6,7.5,37.5,-4.5,weathered_sandstone,2.2029,7.723618945632614e-07
663,2,7,6,12.5,37.5,-4.5,weathered_sandstone,2.2557,8.180794263427694e-07
664,3,7,6,17.5,37.5,-4.5,weathered_sandstone,2.274,8.847926701362677e-07
665,4,7,6,22.5,37.5,-4.5,weathered_sandstone,2.3187,1.1450371509947988e-06
666,5,7,6,27.5,37.5,-4.5,weathered_sandstone,2.2945,8.043034491479746e-07
667,6,7,6,32.5,37.5,-4.5,weathered_sandstone,2.3507,5.888107784270445e-07
668,7,7,6,37.5,37.5,-4.5,moderate_sandstone,2.3673,4.200601770936953e-07
669,8,7,6,42.5,37.5,-4.5,weathered_sandstone,2.3569,5.102761415914643e-07
670,9,7,6,47.5,37.5,-4.5,weathered_sandstone,2.3471,6.279732037919098e-07
671,10,7,6,52.5,37.5,-4.5,weathered_sandstone,2.3309,8.790031308699297e-07
672,11,7,6,57.5,37.5,-4.5,weathered_sandstone,2.3151,1.2190927272845746e-06
673,0,0,7,2.5,2.5,-1.5,fill,1.799,1.676481263271542e-05
674,1,0,7,7.5,2.5,-1.5,fill,1.8588,4.24369152116284e-06
675,2,0,7,12.5,2.5,-1.5,clay,1.9104,7.329160137249559e-07
676,3,0,7,17.5,2.5,-1.5,clay,1.924,1.7926226885311089e-07
677,4,0,7,22.5,2.5,-1.5,clay,1.9356,1.9189580824193922e-07
678,5,0,7,27.5,2.5,-1.5,clay,1.9647,6.909607052981504e-07
679,6,0,7,32.5,2.5,-1.5,clay,1.9932,4.127304659264399e-06
680,7,0,7,37.5,2.5,-1.5,sand_gravel,2.0168,5.071242177083824e-05
681,8,0,7,42.5,2.5,-1.5,sand_gravel,2.0179,8.110130034920706e-05
682,9,0,7,47.5,2.5,-1.5,sand_gravel,1.9897,3.4187342503647625e-05
683,10,0,7,52.5,2.5,-1.5,fill,1.9207,2.0969472546406328e-05
684,11,0,7,57.5,2.5,-1.5,fill,1.8528,1.8266276149913616e-05
685,0,1,7,2.5,7.5,-1.5,fill,1.8632,4.485185915383304e-06
686,1,1,7,7.5,7.5,-1.5,clay,1.8917,2.6563286188392624e-06
687,2,1,7,12.5,7.5,-1.5,clay,1.9247,1.2000636519551217e-06
688,3,1,7,17.5,7.5,-1.5,clay,1.9385,6.06596139107121e-07
689,4,1,7,22.5,7.5,-1.5,clay,1.9617,5.559777798437028e-07
690,5,1,7,27.5,7.5,-1.5,clay,1.9847,4.6110371946707627e-07
691,6,1,7,32.5,7.5,-1.5,clay,1.9971,8.480462240087629e-07
692,7,1,7,37.5,7.5,-1.5,sand_gravel,2.0089,5.9268773954782825e-06
693,8,1,7,42.5,7.5,-1.5,sand_gravel,2.0174,1.6675793248854846e-05
694,9,1,7,47.5,7.5,-1.5,sand_gravel,2.0031,1.853255778067421e-05
695,10,1,7,52.5,7.5,-1.5,fill,1.9889,1.8169720782087192e-05
696,11,1,7,57.5,7.5,-1.5,fill,1.9377,1.920870087115888e-05
697,0,2,7,2.5,12.5,-1.5,clay,1.9245,1.1989178108635237e-06
698,1,2,7,7.5,12.5,-1.5,clay,1.9408,1.38883420722733e-06
699,2,2,7,12.5,12.5,-1.5,clay,1.9644,1.5120541304234023e-06
700,3,2,7,17.5,12.5,-1.5,clay,1.9789,1.3384245323521711e-06
701,4,2,7,22.5,12.5,-1.5,clay,2.0173,1.2061891616175268e-06
702,5,2,7,27.5,12.5,-1.5,clay,2.0013,5.646489216857798e-07
703,6,2,7,32.5,12.5,-1.5,clay,2.01,6.214152369661653e-07
704,7,2,7,37.5,12.5,-1.5,clay,2.0518,1.8066857019686596e-06
705,8,2,7,42.5,12.5,-1.5,sand_gravel,2.0391,5.654424050731666e-06
706,9,2,7,47.5,12.5,-1.5,sand_gravel,2.069,9.991601906328629e-06
707,10,2,7,52.5,12.5,-1.5,sand_gravel,2.0452,1.5962848048285547e-05
708,11,2,7,57.5,12.5,-1.5,sand_gravel,2.0206,2.343291640485241e-05
709,0,3,7,2.5,17.5,-1.5,clay,1.9567,5.062278670022236e-07
710,1,3,7,7.5,17.5,-1.5,clay,1.9681,1.0227859760065826e-06
711,2,3,7,12.5,17.5,-1.5,clay,1.9913,2.317282848654606e-06
712,3,3,7,17.5,17.5,-1.5,clay,2.0102,3.5387358068243534e-06
713,4,3,7,22.5,17.5,-1.5,clay,2.0498,2.1300311591651206e-06
714,5,3,7,27.5,17.5,-1.5,clay,2.0508,1.7013811003603922e-06
715,6,3,7,32.5,17.5,-1.5,clay,2.0643,1.3435286687139496e-06
716,7,3,7,37.5,17.5,-1.5,weathered_sandstone,2.1075,3.3585004052300006e-06
717,8,3,7,42.5,17.5,-1.5,weathered_sandstone,2.1049,4.779055974293963e-06
718,9,3,7,47.5,17.5,-1.5,sand_gravel,2.1082,7.055831302557065e-06
719,10,3,7,52.5,17.5,-1.5,sand_gravel,2.0854,1.5512160919942136e-05
720,11,3,7,57.5,17.5,-1.5,sand_gravel,2.0902,3.543665337475042e-05
721,0,4,7,2.5,22.5,-1.5,clay,1.9755,4.2337349172718564e-07
722,1,4,7,7.5,22.5,-1.5,clay,1.9878,9.73246082041367e-07
723,2,4,7,12.5,22.5,-1.5,clay,2.0095,2.806203848981781e-06
724,3,4,7,17.5,22.5,-1.5,sand_gravel,2.0682,4.395303104152825e-06
725,4,4,7,22.5,22.5,-1.5,sand_gravel,2.0806,3.935843449165832e-06
726,5,4,7,27.5,22.5,-1.5,sand_gravel,2.098,3.674121653292174e-06
727,6,4,7,32.5,22.5,-1.5,weathered_sandstone,2.1156,2.446846969762501e-06
728,7,4,7,37.5,22.5,-1.5,weathered_sandstone,2.1446,4.300452194079013e-06
729,8,4,7,42.5,22.5,-1.5,weathered_sandstone,2.1916,2.492199781372129e-06
730,9,4,7,47.5,22.5,-1.5,weathered_sandstone,2.1843,4.476818945315765e-06
731,10,4,7,52.5,22.5,-1.5,sand_gravel,2.1491,1.5837594080065514e-05
732,11,4,7,57.5,22.5,-1.5,sand_gravel,2.1207,2.9501680558954485e-05
733,0,5,7,2.5,27.5,-1.5,clay,2.0661,6.585173382677008e-07
734,1,5,7,7.5,27.5,-1.5,clay,2.0934,1.2911810534911332e-06
735,2,5,7,12.5,27.5,-1.5,clay,2.1288,1.7706789485591166e-06
736,3,5,7,17.5,27.5,-1.5,sand_gravel,2.1401,3.1044446818985093e-06
737,4,5,7,22.5,27.5,-1.5,sand_gravel,2.1556,3.1030826645802923e-06
738,5,5,7,27.5,27.5,-1.5,weathered_sandstone,2.2148,1.9034908061061476e-06
739,6,5,7,32.5,27.5,-1.5,weathered_sandstone,2.2319,1.2409071347703632e-06
740,7,5,7,37.5,27.5,-1.5,weathered_sandstone,2.2564,8.520043476748606e-07
741,8,5,7,42.5,27.5,-1.5,weathered_sandstone,2.2642,8.597483046659509e-07
742,9,5,7,47.5,27.5,-1.5,weathered_sandstone,2.2977,1.701585228217472e-06
743,10,5,7,52.5,27.5,-1.5,weathered_sandstone,2.2674,3.2121523655452332e-06
744,11,5,7,57.5,27.5,-1.5,sand_gravel,2.196,7.474667365109924e-06
745,0,6,7,2.5,32.5,-1.5,clay,2.1219,8.793560885820792e-07
746,1,6,7,7.5,32.5,-1.5,clay,2.151,8.31861586814737e-07
747,2,6,7,12.5,32.5,-1.5,weathered_sandstone,2.1652,1.269892525584023e-06
748,3,6,7,17.5,32.5,-1.5,weathered_sandstone,2.176,1.7309661362503796e-06
749,4,6,7,22.5,32.5,-1.5,weathered_sandstone,2.2423,1.7162767031230039e-06
750,5,6,7,27.5,32.5,-1.5,weathered_sandstone,2.2534,1.3043538302448319e-06
751,6,6,7,32.5,32.5,-1.5,weathered_sandstone,2.2658,9.834523685478264e-07
752,7,6,7,37.5,32.5,-1.5,weathered_sandstone,2.2839,7.082062627543239e-07
753,8,6,7,42.5,32.5,-1.5,weathered_sandstone,2.3312,8.525296549702696e-07
754,9,6,7,47.5,32.5,-1.5,weathered_sandstone,2.3194,1.097285865240163e-06
755,10,6,7,52.5,32.5,-1.5,weathered_sandstone,2.2999,1.651800233370819e-06
756,11,6,7,57.5,32.5,-1.5,weathered_sandstone,2.2796,2.5246071442840686e-06
757,0,7,7,2.5,37.5,-1.5,weathered_sandstone,2.1694,9.869710399635105e-07
758,1,7,7,7.5,37.5,-1.5,weathered_sandstone,2.1898,7.908696583850417e-07
759,2,7,7,12.5,37.5,-1.5,weathered_sandstone,2.1992,9.473586408771752e-07
760,3,7,7,17.5,37.5,-1.5,weathered_sandstone,2.2635,9.569899082616617e-07
761,4,7,7,22.5,37.5,-1.5,weathered_sandstone,2.3135,1.291035625994893e-06
762,5,7,7,27.5,37.5,-1.5,weathered_sandstone,2.2837,8.544337790689309e-07
763,6,7,7,32.5,37.5,-1.5,weathered_sandstone,2.293,7.026283331088838e-07
764,7,7,7,37.5,37.5,-1.5,moderate_sandstone,2.3604,4.861846300076236e-07
765,8,7,7,42.5,37.5,-1.5,weathered_sandstone,2.3465,6.304150679949618e-07
766,9,7,7,47.5,37.5,-1.5,weathered_sandstone,2.3375,7.633035610145037e-07
767,10,7,7,52.5,37.5,-1.5,weathered_sandstone,2.3236,1.019657043981255e-06
768,11,7,7,57.5,37.5,-1.5,weathered_sandstone,2.3096,1.3626778544448916e-06
