i,j,k,center_x,center_y,center_z,lithology_code,lithology_name,density_g_cm3,permeability_m_d
0,0,0,5.0,5.0,72.5,SS3,微风化砂岩,2.5043,0.97551
1,0,0,15.0,5.0,72.5,SS3,微风化砂岩,2.5043,0.97551
2,0,0,25.0,5.0,72.5,SS3,微风化砂岩,2.477,1.3208
3,0,0,35.0,5.0,72.5,SS3,微风化砂岩,2.4657,1.41662
4,0,0,45.0,5.0,72.5,SS3,微风化砂岩,2.4619,1.44855
5,0,0,55.0,5.0,72.5,SS3,微风化砂岩,2.4585,1.4776
6,0,0,65.0,5.0,72.5,SS3,微风化砂岩,2.4603,1.46232
7,0,0,75.0,5.0,72.5,SS3,微风化砂岩,2.461,1.45608
8,0,0,85.0,5.0,72.5,SS3,微风化砂岩,2.4623,1.44523
9,0,0,95.0,5.0,72.5,SS3,微风化砂岩,2.4694,1.38527
10,0,0,105.0,5.0,72.5,SS3,微风化砂岩,2.4452,1.27873
11,0,0,115.0,5.0,72.5,SS3,微风化砂岩,2.4285,1.34462
0,1,0,5.0,15.0,72.5,SS3,微风化砂岩,2.5043,0.97551
1,1,0,15.0,15.0,72.5,SS3,微风化砂岩,2.5162,0.98692
2,1,0,25.0,15.0,72.5,SS3,微风化砂岩,2.4791,1.30261
3,1,0,35.0,15.0,72.5,SS3,微风化砂岩,2.4673,1.40314
4,1,0,45.0,15.0,72.5,SS3,微风化砂岩,2.4691,1.38774
5,1,0,55.0,15.0,72.5,SS3,微风化砂岩,2.4667,1.40775
6,1,0,65.0,15.0,72.5,SS3,微风化砂岩,2.4658,1.41589
7,1,0,75.0,15.0,72.5,SS3,微风化砂岩,2.4648,1.42388
8,1,0,85.0,15.0,72.5,SS3,微风化砂岩,2.4703,1.37729
9,1,0,95.0,15.0,72.5,SS3,微风化砂岩,2.4939,1.17693
10,1,0,105.0,15.0,72.5,SS3,微风化砂岩,2.5211,0.87681
11,1,0,115.0,15.0,72.5,SS3,微风化砂岩,2.471,1.15704
0,2,0,5.0,25.0,72.5,SS3,微风化砂岩,2.4404,1.29875
1,2,0,15.0,25.0,72.5,SS3,微风化砂岩,2.4773,1.31794
2,2,0,25.0,25.0,72.5,SS3,微风化砂岩,2.4708,1.37307
3,2,0,35.0,25.0,72.5,SS3,微风化砂岩,2.4698,1.38189
4,2,0,45.0,25.0,72.5,SS3,微风化砂岩,2.4833,1.26718
5,2,0,55.0,25.0,72.5,SS3,微风化砂岩,2.4995,1.12901
6,2,0,65.0,25.0,72.5,SS3,微风化砂岩,2.4827,1.27225
7,2,0,75.0,25.0,72.5,SS3,微风化砂岩,2.4695,1.38395
8,2,0,85.0,25.0,72.5,SS3,微风化砂岩,2.4717,1.36589
9,2,0,95.0,25.0,72.5,SS3,微风化砂岩,2.4943,1.17326
10,2,0,105.0,25.0,72.5,SS3,微风化砂岩,2.5284,0.8834
11,2,0,115.0,25.0,72.5,SS3,微风化砂岩,2.4945,1.17214
0,3,0,5.0,35.0,72.5,SS3,微风化砂岩,2.4617,1.4509
1,3,0,15.0,35.0,72.5,SS3,微风化砂岩,2.4961,1.15833
2,3,0,25.0,35.0,72.5,SS3,微风化砂岩,2.4646,1.42622
3,3,0,35.0,35.0,72.5,SS3,微风化砂岩,2.4982,1.14009
4,3,0,45.0,35.0,72.5,SS3,微风化砂岩,2.5004,1.12122
5,3,0,55.0,35.0,72.5,SS3,微风化砂岩,2.5449,0.74346
6,3,0,65.0,35.0,72.5,SS3,微风化砂岩,2.4999,1.12568
7,3,0,75.0,35.0,72.5,SS3,微风化砂岩,2.4725,1.35838
8,3,0,85.0,35.0,72.5,SS3,微风化砂岩,2.4671,1.40469
9,3,0,95.0,35.0,72.5,SS3,微风化砂岩,2.4757,1.33176
10,3,0,105.0,35.0,72.5,SS3,微风化砂岩,2.4834,1.26603
11,3,0,115.0,35.0,72.5,SS3,微风化砂岩,2.4761,1.32779
0,4,0,5.0,45.0,72.5,SS3,微风化砂岩,2.4607,1.45933
1,4,0,15.0,45.0,72.5,SS3,微风化砂岩,2.4631,1.43823
2,4,0,25.0,45.0,72.5,SS3,微风化砂岩,2.4663,1.41132
3,4,0,35.0,45.0,72.5,SS3,微风化砂岩,2.471,1.37177
4,4,0,45.0,45.0,72.5,SS3,微风化砂岩,2.4859,1.24517
5,4,0,55.0,45.0,72.5,SS3,微风化砂岩,2.5008,1.11782
6,4,0,65.0,45.0,72.5,SS3,微风化砂岩,2.4833,1.26718
7,4,0,75.0,45.0,72.5,SS3,微风化砂岩,2.4968,1.15202
8,4,0,85.0,45.0,72.5,SS3,微风化砂岩,2.55,0.7
9,4,0,95.0,45.0,72.5,SS3,微风化砂岩,2.4682,1.39546
10,4,0,105.0,45.0,72.5,SS3,微风化砂岩,2.473,1.35417
11,4,0,115.0,45.0,72.5,SS3,微风化砂岩,2.4724,1.35962
0,5,0,5.0,55.0,72.5,SS3,微风化砂岩,2.4587,1.47606
1,5,0,15.0,55.0,72.5,SS3,微风化砂岩,2.4651,1.42204
2,5,0,25.0,55.0,72.5,SS3,微风化砂岩,2.4791,1.30261
3,5,0,35.0,55.0,72.5,SS3,微风化砂岩,2.4811,1.2855
4,5,0,45.0,55.0,72.5,SS3,微风化砂岩,2.4738,1.34735
5,5,0,55.0,55.0,72.5,SS3,微风化砂岩,2.4728,1.35604
6,5,0,65.0,55.0,72.5,SS3,微风化砂岩,2.4698,1.38189
7,5,0,75.0,55.0,72.5,SS3,微风化砂岩,2.4673,1.40314
8,5,0,85.0,55.0,72.5,SS3,微风化砂岩,2.4679,1.39827
9,5,0,95.0,55.0,72.5,SS3,微风化砂岩,2.4762,1.32741
10,5,0,105.0,55.0,72.5,SS3,微风化砂岩,2.4954,1.16403
11,5,0,115.0,55.0,72.5,SS3,微风化砂岩,2.4951,1.16648
0,6,0,5.0,65.0,72.5,SS2,强-中风化砂岩,2.3978,1.43171
1,6,0,15.0,65.0,72.5,SS3,微风化砂岩,2.4404,1.29875
2,6,0,25.0,65.0,72.5,SS3,微风化砂岩,2.5163,0.98621
3,6,0,35.0,65.0,72.5,SS3,微风化砂岩,2.5166,0.98348
4,6,0,45.0,65.0,72.5,SS3,微风化砂岩,2.4813,1.28417
5,6,0,55.0,65.0,72.5,SS3,微风化砂岩,2.5068,1.06724
6,6,0,65.0,65.0,72.5,SS3,微风化砂岩,2.5001,1.12383
7,6,0,75.0,65.0,72.5,SS3,微风化砂岩,2.5006,1.11992
8,6,0,85.0,65.0,72.5,SS3,微风化砂岩,2.4813,1.28406
9,6,0,95.0,65.0,72.5,SS3,微风化砂岩,2.4841,1.26044
10,6,0,105.0,65.0,72.5,SS3,微风化砂岩,2.5287,0.88065
11,6,0,115.0,65.0,72.5,SS3,微风化砂岩,2.5285,0.88303
0,7,0,5.0,75.0,72.5,SS2,强-中风化砂岩,2.3978,1.43171
1,7,0,15.0,75.0,72.5,SS3,微风化砂岩,2.4404,1.29875
2,7,0,25.0,75.0,72.5,SS3,微风化砂岩,2.5043,0.97551
3,7,0,35.0,75.0,72.5,SS3,微风化砂岩,2.5162,0.98692
4,7,0,45.0,75.0,72.5,SS3,微风化砂岩,2.4794,1.30008
5,7,0,55.0,75.0,72.5,SS3,微风化砂岩,2.4686,1.39186
6,7,0,65.0,75.0,72.5,SS3,微风化砂岩,2.4794,1.30008
7,7,0,75.0,75.0,72.5,SS3,微风化砂岩,2.5166,0.98366
8,7,0,85.0,75.0,72.5,SS3,微风化砂岩,2.517,0.9801
9,7,0,95.0,75.0,72.5,SS3,微风化砂岩,2.4844,1.25801
10,7,0,105.0,75.0,72.5,SS3,微风化砂岩,2.4962,1.15731
11,7,0,115.0,75.0,72.5,SS3,微风化砂岩,2.4953,1.16468
0,8,0,5.0,85.0,72.5,SS2,强-中风化砂岩,2.3864,1.45105
1,8,0,15.0,85.0,72.5,SS3,微风化砂岩,2.4139,1.39213
2,8,0,25.0,85.0,72.5,SS3,微风化砂岩,2.4404,1.29875
3,8,0,35.0,85.0,72.5,SS3,微风化砂岩,2.4763,1.32681
4,8,0,45.0,85.0,72.5,SS3,微风化砂岩,2.4701,1.37884
5,8,0,55.0,85.0,72.5,SS3,微风化砂岩,2.467,1.40574
6,8,0,65.0,85.0,72.5,SS3,微风化砂岩,2.4783,1.30925
7,8,0,75.0,85.0,72.5,SS3,微风化砂岩,2.5164,0.98544
8,8,0,85.0,85.0,72.5,SS3,微风化砂岩,2.517,0.9809
9,8,0,95.0,85.0,72.5,SS3,微风化砂岩,2.4813,1.28406
10,8,0,105.0,85.0,72.5,SS3,微风化砂岩,2.4728,1.35579
11,8,0,115.0,85.0,72.5,SS3,微风化砂岩,2.4708,1.37329
0,9,0,5.0,95.0,72.5,SS2,强-中风化砂岩,2.3709,1.46605
1,9,0,15.0,95.0,72.5,SS2,强-中风化砂岩,2.3864,1.45105
2,9,0,25.0,95.0,72.5,SS2,强-中风化砂岩,2.3978,1.43171
3,9,0,35.0,95.0,72.5,SS3,微风化砂岩,2.4593,1.47083
4,9,0,45.0,95.0,72.5,SS3,微风化砂岩,2.4628,1.44137
5,9,0,55.0,95.0,72.5,SS3,微风化砂岩,2.4631,1.43823
6,9,0,65.0,95.0,72.5,SS3,微风化砂岩,2.4658,1.41587
7,9,0,75.0,95.0,72.5,SS3,微风化砂岩,2.4761,1.32836
8,9,0,85.0,95.0,72.5,SS3,微风化砂岩,2.478,1.31213
9,9,0,95.0,95.0,72.5,SS3,微风化砂岩,2.4707,1.3741
10,9,0,105.0,95.0,72.5,SS3,微风化砂岩,2.4644,1.42752
11,9,0,115.0,95.0,72.5,SS3,微风化砂岩,2.4621,1.44749
0,0,1,5.0,5.0,77.5,SS3,微风化砂岩,2.4869,1.11044
1,0,1,15.0,5.0,77.5,SS3,微风化砂岩,2.4869,1.11044
2,0,1,25.0,5.0,77.5,SS3,微风化砂岩,2.4626,1.44248
3,0,1,35.0,5.0,77.5,SS3,微风化砂岩,2.458,1.48227
4,0,1,45.0,5.0,77.5,SS3,微风化砂岩,2.4564,1.496
5,0,1,55.0,5.0,77.5,SS3,微风化砂岩,2.4512,1.53938
6,0,1,65.0,5.0,77.5,SS3,微风化砂岩,2.4536,1.51982
7,0,1,75.0,5.0,77.5,SS3,微风化砂岩,2.4559,1.50027
8,0,1,85.0,5.0,77.5,SS3,微风化砂岩,2.4532,1.52254
9,0,1,95.0,5.0,77.5,SS3,微风化砂岩,2.4141,1.44163
10,0,1,105.0,5.0,77.5,SS3,微风化砂岩,2.429,1.39588
11,0,1,115.0,5.0,77.5,SS3,微风化砂岩,2.4141,1.44163
0,1,1,5.0,15.0,77.5,SS3,微风化砂岩,2.4869,1.11044
1,1,1,15.0,15.0,77.5,SS3,微风化砂岩,2.4869,1.11044
2,1,1,25.0,15.0,77.5,SS3,微风化砂岩,2.4649,1.42311
3,1,1,35.0,15.0,77.5,SS3,微风化砂岩,2.4595,1.46954
4,1,1,45.0,15.0,77.5,SS3,微风化砂岩,2.4589,1.47462
5,1,1,55.0,15.0,77.5,SS3,微风化砂岩,2.4551,1.50679
6,1,1,65.0,15.0,77.5,SS3,微风化砂岩,2.4555,1.5035
7,1,1,75.0,15.0,77.5,SS3,微风化砂岩,2.458,1.48185
8,1,1,85.0,15.0,77.5,SS3,微风化砂岩,2.4592,1.47218
9,1,1,95.0,15.0,77.5,SS3,微风化砂岩,2.4526,1.29658
10,1,1,105.0,15.0,77.5,SS3,微风化砂岩,2.5071,0.9851
11,1,1,115.0,15.0,77.5,SS3,微风化砂岩,2.4526,1.29658
0,2,1,5.0,25.0,77.5,SS3,微风化砂岩,2.4247,1.41041
1,2,1,15.0,25.0,77.5,SS3,微风化砂岩,2.463,1.43945
2,2,1,25.0,25.0,77.5,SS3,微风化砂岩,2.4618,1.4499
3,2,1,35.0,25.0,77.5,SS3,微风化砂岩,2.4611,1.45606
4,2,1,45.0,25.0,77.5,SS3,微风化砂岩,2.4679,1.39767
5,2,1,55.0,25.0,77.5,SS3,微风化砂岩,2.4615,1.25271
6,2,1,65.0,25.0,77.5,SS3,微风化砂岩,2.4673,1.40319
7,2,1,75.0,25.0,77.5,SS3,微风化砂岩,2.4609,1.45716
8,2,1,85.0,25.0,77.5,SS3,微风化砂岩,2.4623,1.44518
9,2,1,95.0,25.0,77.5,SS3,微风化砂岩,2.4773,1.31832
10,2,1,105.0,25.0,77.5,SS3,微风化砂岩,2.5155,0.99321
11,2,1,115.0,25.0,77.5,SS3,微风化砂岩,2.4774,1.31703
0,3,1,5.0,35.0,77.5,SS3,微风化砂岩,2.4528,1.52647
1,3,1,15.0,35.0,77.5,SS3,微风化砂岩,2.4562,1.49709
2,3,1,25.0,35.0,77.5,SS3,微风化砂岩,2.4579,1.48324
3,3,1,35.0,35.0,77.5,SS3,微风化砂岩,2.46,1.46458
4,3,1,45.0,35.0,77.5,SS3,微风化砂岩,2.4831,1.26824
5,3,1,55.0,35.0,77.5,SS3,微风化砂岩,2.5388,0.77597
6,3,1,65.0,35.0,77.5,SS3,微风化砂岩,2.4825,1.27356
7,3,1,75.0,35.0,77.5,SS3,微风化砂岩,2.4614,1.45339
8,3,1,85.0,35.0,77.5,SS3,微风化砂岩,2.4594,1.47029
9,3,1,95.0,35.0,77.5,SS3,微风化砂岩,2.463,1.43921
10,3,1,105.0,35.0,77.5,SS3,微风化砂岩,2.4694,1.38488
11,3,1,115.0,35.0,77.5,SS3,微风化砂岩,2.4654,1.41943
0,4,1,5.0,45.0,77.5,SS3,微风化砂岩,2.4556,1.50211
1,4,1,15.0,45.0,77.5,SS3,微风化砂岩,2.4571,1.48999
2,4,1,25.0,45.0,77.5,SS3,微风化砂岩,2.4589,1.47417
3,4,1,35.0,45.0,77.5,SS3,微风化砂岩,2.4617,1.45025
4,4,1,45.0,45.0,77.5,SS3,微风化砂岩,2.4719,1.36366
5,4,1,55.0,45.0,77.5,SS3,微风化砂岩,2.4836,1.26418
6,4,1,65.0,45.0,77.5,SS3,微风化砂岩,2.4679,1.39767
7,4,1,75.0,45.0,77.5,SS3,微风化砂岩,2.4589,1.47462
8,4,1,85.0,45.0,77.5,SS3,微风化砂岩,2.5045,1.08711
9,4,1,95.0,45.0,77.5,SS3,微风化砂岩,2.46,1.46495
10,4,1,105.0,45.0,77.5,SS3,微风化砂岩,2.4631,1.43887
11,4,1,115.0,45.0,77.5,SS3,微风化砂岩,2.4627,1.442
0,5,1,5.0,55.0,77.5,SS3,微风化砂岩,2.4512,1.54016
1,5,1,15.0,55.0,77.5,SS3,微风化砂岩,2.4541,1.51518
2,5,1,25.0,55.0,77.5,SS3,微风化砂岩,2.4649,1.42311
3,5,1,35.0,55.0,77.5,SS3,微风化砂岩,2.4689,1.38929
4,5,1,45.0,55.0,77.5,SS3,微风化砂岩,2.4635,1.43492
5,5,1,55.0,55.0,77.5,SS3,微风化砂岩,2.463,1.43908
6,5,1,65.0,55.0,77.5,SS3,微风化砂岩,2.4611,1.45606
7,5,1,75.0,55.0,77.5,SS3,微风化砂岩,2.4595,1.46954
8,5,1,85.0,55.0,77.5,SS3,微风化砂岩,2.4598,1.46667
9,5,1,95.0,55.0,77.5,SS3,微风化砂岩,2.4654,1.41942
10,5,1,105.0,55.0,77.5,SS3,微风化砂岩,2.4785,1.30767
11,5,1,115.0,55.0,77.5,SS3,微风化砂岩,2.4782,1.31051
0,6,1,5.0,65.0,77.5,SS2,强-中风化砂岩,2.3866,1.48947
1,6,1,15.0,65.0,77.5,SS3,微风化砂岩,2.4247,1.41041
2,6,1,25.0,65.0,77.5,SS3,微风化砂岩,2.5001,1.12387
3,6,1,35.0,65.0,77.5,SS3,微风化砂岩,2.5006,1.12022
4,6,1,45.0,65.0,77.5,SS3,微风化砂岩,2.4673,1.40335
5,6,1,55.0,65.0,77.5,SS3,微风化砂岩,2.5007,1.11874
6,6,1,65.0,65.0,77.5,SS3,微风化砂岩,2.4618,1.4499
7,6,1,75.0,65.0,77.5,SS3,微风化砂岩,2.4654,1.41898
8,6,1,85.0,65.0,77.5,SS3,微风化砂岩,2.4689,1.38926
9,6,1,95.0,65.0,77.5,SS3,微风化砂岩,2.4708,1.37323
10,6,1,105.0,65.0,77.5,SS3,微风化砂岩,2.516,0.98913
11,6,1,115.0,65.0,77.5,SS3,微风化砂岩,2.5156,0.99266
0,7,1,5.0,75.0,77.5,SS2,强-中风化砂岩,2.3866,1.48947
1,7,1,15.0,75.0,77.5,SS3,微风化砂岩,2.4247,1.41041
2,7,1,25.0,75.0,77.5,SS3,微风化砂岩,2.4869,1.11044
3,7,1,35.0,75.0,77.5,SS3,微风化砂岩,2.4869,1.11044
4,7,1,45.0,75.0,77.5,SS3,微风化砂岩,2.4652,1.42041
5,7,1,55.0,75.0,77.5,SS3,微风化砂岩,2.4603,1.46282
6,7,1,65.0,75.0,77.5,SS3,微风化砂岩,2.4652,1.42041
7,7,1,75.0,75.0,77.5,SS3,微风化砂岩,2.5005,1.12047
8,7,1,85.0,75.0,77.5,SS3,微风化砂岩,2.5017,1.1102
9,7,1,95.0,75.0,77.5,SS3,微风化砂岩,2.4708,1.37335
10,7,1,105.0,75.0,77.5,SS3,微风化砂岩,2.4812,1.28492
11,7,1,115.0,75.0,77.5,SS3,微风化砂岩,2.4784,1.30842
0,8,1,5.0,85.0,77.5,SS2,强-中风化砂岩,2.3763,1.49552
1,8,1,15.0,85.0,77.5,SS2,强-中风化砂岩,2.4011,1.47025
2,8,1,25.0,85.0,77.5,SS3,微风化砂岩,2.4247,1.41041
3,8,1,35.0,85.0,77.5,SS3,微风化砂岩,2.4247,1.41041
4,8,1,45.0,85.0,77.5,SS3,微风化砂岩,2.4593,1.4708
5,8,1,55.0,85.0,77.5,SS3,微风化砂岩,2.4593,1.47104
6,8,1,65.0,85.0,77.5,SS3,微风化砂岩,2.4641,1.4302
7,8,1,75.0,85.0,77.5,SS3,微风化砂岩,2.5003,1.12284
8,8,1,85.0,85.0,77.5,SS3,微风化砂岩,2.501,1.11677
9,8,1,95.0,85.0,77.5,SS3,微风化砂岩,2.4689,1.38926
10,8,1,105.0,85.0,77.5,SS3,微风化砂岩,2.463,1.43982
11,8,1,115.0,85.0,77.5,SS3,微风化砂岩,2.4596,1.46804
0,9,1,5.0,95.0,77.5,SS2,强-中风化砂岩,2.3621,1.4945
1,9,1,15.0,95.0,77.5,SS2,强-中风化砂岩,2.3763,1.49552
2,9,1,25.0,95.0,77.5,SS2,强-中风化砂岩,2.3866,1.48947
3,9,1,35.0,95.0,77.5,SS3,微风化砂岩,2.4504,1.54662
4,9,1,45.0,95.0,77.5,SS3,微风化砂岩,2.4569,1.49166
5,9,1,55.0,95.0,77.5,SS3,微风化砂岩,2.4571,1.48999
6,9,1,65.0,95.0,77.5,SS3,微风化砂岩,2.4548,1.50888
7,9,1,75.0,95.0,77.5,SS3,微风化砂岩,2.4247,1.41041
8,9,1,85.0,95.0,77.5,SS3,微风化砂岩,2.4637,1.43326
9,9,1,95.0,95.0,77.5,SS3,微风化砂岩,2.4608,1.4586
10,9,1,105.0,95.0,77.5,SS3,微风化砂岩,2.4578,1.48399
11,9,1,115.0,95.0,77.5,SS3,微风化砂岩,2.4564,1.49524
0,0,2,5.0,5.0,82.5,SS2,强-中风化砂岩,2.4254,1.57434
1,0,2,15.0,5.0,82.5,SS2,强-中风化砂岩,2.4254,1.57434
2,0,2,25.0,5.0,82.5,SS2,强-中风化砂岩,2.3987,1.57796
3,0,2,35.0,5.0,82.5,SS2,强-中风化砂岩,2.4471,1.57445
4,0,2,45.0,5.0,82.5,SS2,强-中风化砂岩,2.45,1.55
5,0,2,55.0,5.0,82.5,SS2,强-中风化砂岩,2.4428,1.61129
6,0,2,65.0,5.0,82.5,SS2,强-中风化砂岩,2.4457,1.58642
7,0,2,75.0,5.0,82.5,SS2,强-中风化砂岩,2.45,1.55
8,0,2,85.0,5.0,82.5,SS2,强-中风化砂岩,2.4421,1.61733
9,0,2,95.0,5.0,82.5,SS2,强-中风化砂岩,2.3918,1.57469
10,0,2,105.0,5.0,82.5,SS2,强-中风化砂岩,2.4012,1.57873
11,0,2,115.0,5.0,82.5,SS2,强-中风化砂岩,2.3918,1.57469
0,1,2,5.0,15.0,82.5,SS2,强-中风化砂岩,2.4254,1.57434
1,1,2,15.0,15.0,82.5,SS2,强-中风化砂岩,2.4254,1.57434
2,1,2,25.0,15.0,82.5,SS2,强-中风化砂岩,2.4432,1.60788
3,1,2,35.0,15.0,82.5,SS2,强-中风化砂岩,2.45,1.55
4,1,2,45.0,15.0,82.5,SS2,强-中风化砂岩,2.4457,1.58623
5,1,2,55.0,15.0,82.5,SS2,强-中风化砂岩,2.3859,1.57054
6,1,2,65.0,15.0,82.5,SS2,强-中风化砂岩,2.4423,1.61542
7,1,2,75.0,15.0,82.5,SS2,强-中风化砂岩,2.45,1.55
8,1,2,85.0,15.0,82.5,SS2,强-中风化砂岩,2.4444,1.59793
9,1,2,95.0,15.0,82.5,SS2,强-中风化砂岩,2.4135,1.57912
10,1,2,105.0,15.0,82.5,SS2,强-中风化砂岩,2.4302,1.57107
11,1,2,115.0,15.0,82.5,SS2,强-中风化砂岩,2.4135,1.57912
0,2,2,5.0,25.0,82.5,SS2,强-中风化砂岩,2.3987,1.57796
1,2,2,15.0,25.0,82.5,SS2,强-中风化砂岩,2.3987,1.57796
2,2,2,25.0,25.0,82.5,SS2,强-中风化砂岩,2.4483,1.56416
3,2,2,35.0,25.0,82.5,SS2,强-中风化砂岩,2.45,1.55
4,2,2,45.0,25.0,82.5,SS2,强-中风化砂岩,2.4424,1.61467
5,2,2,55.0,25.0,82.5,SS2,强-中风化砂岩,2.4171,1.5782
6,2,2,65.0,25.0,82.5,SS2,强-中风化砂岩,2.404,1.5793
7,2,2,75.0,25.0,82.5,SS2,强-中风化砂岩,2.45,1.55
8,2,2,85.0,25.0,82.5,SS2,强-中风化砂岩,2.4479,1.56749
9,2,2,95.0,25.0,82.5,SS2,强-中风化砂岩,2.4135,1.57912
10,2,2,105.0,25.0,82.5,SS2,强-中风化砂岩,2.4302,1.57107
11,2,2,115.0,25.0,82.5,SS2,强-中风化砂岩,2.4135,1.57912
0,3,2,5.0,35.0,82.5,SS2,强-中风化砂岩,2.4419,1.61852
1,3,2,15.0,35.0,82.5,SS2,强-中风化砂岩,2.4454,1.58917
2,3,2,25.0,35.0,82.5,SS2,强-中风化砂岩,2.45,1.55
3,3,2,35.0,35.0,82.5,SS2,强-中风化砂岩,2.4446,1.59594
4,3,2,45.0,35.0,82.5,SS2,强-中风化砂岩,2.4435,1.60543
5,3,2,55.0,35.0,82.5,SS2,强-中风化砂岩,2.4355,1.56657
6,3,2,65.0,35.0,82.5,SS2,强-中风化砂岩,2.4171,1.5782
7,3,2,75.0,35.0,82.5,SS2,强-中风化砂岩,2.4459,1.58448
8,3,2,85.0,35.0,82.5,SS2,强-中风化砂岩,2.45,1.55
9,3,2,95.0,35.0,82.5,SS2,强-中风化砂岩,2.4451,1.59153
10,3,2,105.0,35.0,82.5,SS2,强-中风化砂岩,2.4463,1.58118
11,3,2,115.0,35.0,82.5,SS2,强-中风化砂岩,2.4475,1.57093
0,4,2,5.0,45.0,82.5,SS2,强-中风化砂岩,2.45,1.55
1,4,2,15.0,45.0,82.5,SS2,强-中风化砂岩,2.45,1.55
2,4,2,25.0,45.0,82.5,SS2,强-中风化砂岩,2.45,1.55
3,4,2,35.0,45.0,82.5,SS2,强-中风化砂岩,2.45,1.55
4,4,2,45.0,45.0,82.5,SS2,强-中风化砂岩,2.447,1.57573
5,4,2,55.0,45.0,82.5,SS2,强-中风化砂岩,2.4442,1.59938
6,4,2,65.0,45.0,82.5,SS2,强-中风化砂岩,2.4424,1.61467
7,4,2,75.0,45.0,82.5,SS2,强-中风化砂岩,2.4457,1.58623
8,4,2,85.0,45.0,82.5,SS2,强-中风化砂岩,2.45,1.55
9,4,2,95.0,45.0,82.5,SS2,强-中风化砂岩,2.45,1.55
10,4,2,105.0,45.0,82.5,SS2,强-中风化砂岩,2.45,1.55
11,4,2,115.0,45.0,82.5,SS2,强-中风化砂岩,2.45,1.55
0,5,2,5.0,55.0,82.5,SS2,强-中风化砂岩,2.4423,1.61527
1,5,2,15.0,55.0,82.5,SS2,强-中风化砂岩,2.3824,1.56752
2,5,2,25.0,55.0,82.5,SS2,强-中风化砂岩,2.4432,1.60788
3,5,2,35.0,55.0,82.5,SS2,强-中风化砂岩,2.4483,1.56455
4,5,2,45.0,55.0,82.5,SS2,强-中风化砂岩,2.45,1.55
5,5,2,55.0,55.0,82.5,SS2,强-中风化砂岩,2.45,1.55
6,5,2,65.0,55.0,82.5,SS2,强-中风化砂岩,2.45,1.55
7,5,2,75.0,55.0,82.5,SS2,强-中风化砂岩,2.45,1.55
8,5,2,85.0,55.0,82.5,SS2,强-中风化砂岩,2.45,1.55
9,5,2,95.0,55.0,82.5,SS2,强-中风化砂岩,2.4487,1.56121
10,5,2,105.0,55.0,82.5,SS2,强-中风化砂岩,2.444,1.60098
11,5,2,115.0,55.0,82.5,SS2,强-中风化砂岩,2.4436,1.6048
0,6,2,5.0,65.0,82.5,SS2,强-中风化砂岩,2.3712,1.55484
1,6,2,15.0,65.0,82.5,SS2,强-中风化砂岩,2.3987,1.57796
2,6,2,25.0,65.0,82.5,SS2,强-中风化砂岩,2.4254,1.57434
3,6,2,35.0,65.0,82.5,SS2,强-中风化砂岩,2.445,1.5922
4,6,2,45.0,65.0,82.5,SS2,强-中风化砂岩,2.4457,1.58628
5,6,2,55.0,65.0,82.5,SS2,强-中风化砂岩,2.45,1.55
6,6,2,65.0,65.0,82.5,SS2,强-中风化砂岩,2.4483,1.56416
7,6,2,75.0,65.0,82.5,SS2,强-中风化砂岩,2.4437,1.60335
8,6,2,85.0,65.0,82.5,SS2,强-中风化砂岩,2.45,1.55
9,6,2,95.0,65.0,82.5,SS2,强-中风化砂岩,2.45,1.55
10,6,2,105.0,65.0,82.5,SS2,强-中风化砂岩,2.4472,1.57399
11,6,2,115.0,65.0,82.5,SS2,强-中风化砂岩,2.4302,1.57107
0,7,2,5.0,75.0,82.5,SS2,强-中风化砂岩,2.3712,1.55484
1,7,2,15.0,75.0,82.5,SS2,强-中风化砂岩,2.3987,1.57796
2,7,2,25.0,75.0,82.5,SS2,强-中风化砂岩,2.4254,1.57434
3,7,2,35.0,75.0,82.5,SS2,强-中风化砂岩,2.4254,1.57434
4,7,2,45.0,75.0,82.5,SS2,强-中风化砂岩,2.4435,1.60491
5,7,2,55.0,75.0,82.5,SS2,强-中风化砂岩,2.45,1.55
6,7,2,65.0,75.0,82.5,SS2,强-中风化砂岩,2.4435,1.60491
7,7,2,75.0,75.0,82.5,SS2,强-中风化砂岩,2.445,1.59276
8,7,2,85.0,75.0,82.5,SS2,强-中风化砂岩,2.4476,1.57009
9,7,2,95.0,75.0,82.5,SS2,强-中风化砂岩,2.45,1.55
10,7,2,105.0,75.0,82.5,SS2,强-中风化砂岩,2.4488,1.56019
11,7,2,115.0,75.0,82.5,SS2,强-中风化砂岩,2.4439,1.60199
0,8,2,5.0,85.0,82.5,SS2,强-中风化砂岩,2.3628,1.54268
1,8,2,15.0,85.0,82.5,SS2,强-中风化砂岩,2.3824,1.56752
2,8,2,25.0,85.0,82.5,SS2,强-中风化砂岩,2.3987,1.57796
3,8,2,35.0,85.0,82.5,SS2,强-中风化砂岩,2.3987,1.57796
4,8,2,45.0,85.0,82.5,SS2,强-中风化砂岩,2.4451,1.59134
5,8,2,55.0,85.0,82.5,SS2,强-中风化砂岩,2.45,1.55
6,8,2,65.0,85.0,82.5,SS2,强-中风化砂岩,2.4423,1.61571
7,8,2,75.0,85.0,82.5,SS2,强-中风化砂岩,2.4254,1.57434
8,8,2,85.0,85.0,82.5,SS2,强-中风化砂岩,2.4459,1.58444
9,8,2,95.0,85.0,82.5,SS2,强-中风化砂岩,2.45,1.55
10,8,2,105.0,85.0,82.5,SS2,强-中风化砂岩,2.45,1.55
11,8,2,115.0,85.0,82.5,SS2,强-中风化砂岩,2.4449,1.59371
0,9,2,5.0,95.0,82.5,SS2,强-中风化砂岩,2.351,1.52197
1,9,2,15.0,95.0,82.5,SS2,强-中风化砂岩,2.3628,1.54268
2,9,2,25.0,95.0,82.5,SS2,强-中风化砂岩,2.3712,1.55484
3,9,2,35.0,95.0,82.5,SS2,强-中风化砂岩,2.3712,1.55484
4,9,2,45.0,95.0,82.5,SS2,强-中风化砂岩,2.448,1.5673
5,9,2,55.0,95.0,82.5,SS2,强-中风化砂岩,2.45,1.55
6,9,2,65.0,95.0,82.5,SS2,强-中风化砂岩,2.3824,1.56752
7,9,2,75.0,95.0,82.5,SS2,强-中风化砂岩,2.3987,1.57796
8,9,2,85.0,95.0,82.5,SS2,强-中风化砂岩,2.4419,1.61911
9,9,2,95.0,95.0,82.5,SS2,强-中风化砂岩,2.4466,1.57898
10,9,2,105.0,95.0,82.5,SS2,强-中风化砂岩,2.45,1.55
11,9,2,115.0,95.0,82.5,SS2,强-中风化砂岩,2.449,1.5587
0,0,3,5.0,5.0,87.5,SS2,强-中风化砂岩,2.3731,2.00742
1,0,3,15.0,5.0,87.5,SS2,强-中风化砂岩,2.3731,2.00742
2,0,3,25.0,5.0,87.5,SS2,强-中风化砂岩,2.3708,1.73231
3,0,3,35.0,5.0,87.5,SS2,强-中风化砂岩,2.4042,1.93916
4,0,3,45.0,5.0,87.5,SS2,强-中风化砂岩,2.4006,1.97012
5,0,3,55.0,5.0,87.5,SS2,强-中风化砂岩,2.3455,1.57549
6,0,3,65.0,5.0,87.5,SS2,强-中风化砂岩,2.4046,1.93623
7,0,3,75.0,5.0,87.5,SS2,强-中风化砂岩,2.3999,1.97592
8,0,3,85.0,5.0,87.5,SS2,强-中风化砂岩,2.354,1.61551
9,0,3,95.0,5.0,87.5,SS2,强-中风化砂岩,2.367,1.69613
10,0,3,105.0,5.0,87.5,SS2,强-中风化砂岩,2.3721,1.74759
11,0,3,115.0,5.0,87.5,SS2,强-中风化砂岩,2.367,1.69613
0,1,3,5.0,15.0,87.5,SS2,强-中风化砂岩,2.3731,2.00742
1,1,3,15.0,15.0,87.5,SS2,强-中风化砂岩,2.3731,2.00742
2,1,3,25.0,15.0,87.5,SS2,强-中风化砂岩,2.3708,1.73231
3,1,3,35.0,15.0,87.5,SS2,强-中风化砂岩,2.3991,1.98248
4,1,3,45.0,15.0,87.5,SS2,强-中风化砂岩,2.4051,1.93202
5,1,3,55.0,15.0,87.5,SS2,强-中风化砂岩,2.3633,1.6692
6,1,3,65.0,15.0,87.5,SS2,强-中风化砂岩,2.3589,1.64169
7,1,3,75.0,15.0,87.5,SS2,强-中风化砂岩,2.442,1.61815
8,1,3,85.0,15.0,87.5,SS2,强-中风化砂岩,2.4057,1.92616
9,1,3,95.0,15.0,87.5,SS2,强-中风化砂岩,2.376,1.84153
10,1,3,105.0,15.0,87.5,SS2,强-中风化砂岩,2.3677,2.12203
11,1,3,115.0,15.0,87.5,SS2,强-中风化砂岩,2.376,1.84153
0,2,3,5.0,25.0,87.5,SS2,强-中风化砂岩,2.3708,1.73231
1,2,3,15.0,25.0,87.5,SS2,强-中风化砂岩,2.3708,1.73231
2,2,3,25.0,25.0,87.5,SS2,强-中风化砂岩,2.4036,1.94459
3,2,3,35.0,25.0,87.5,SS2,强-中风化砂岩,2.4016,1.96148
4,2,3,45.0,25.0,87.5,SS2,强-中风化砂岩,2.3733,1.76522
5,2,3,55.0,25.0,87.5,SS2,强-中风化砂岩,2.3761,1.88075
6,2,3,65.0,25.0,87.5,SS2,强-中风化砂岩,2.3733,1.76522
7,2,3,75.0,25.0,87.5,SS2,强-中风化砂岩,2.4024,1.95438
8,2,3,85.0,25.0,87.5,SS2,强-中风化砂岩,2.4038,1.94305
9,2,3,95.0,25.0,87.5,SS2,强-中风化砂岩,2.376,1.84153
10,2,3,105.0,25.0,87.5,SS2,强-中风化砂岩,2.3677,2.12203
11,2,3,115.0,25.0,87.5,SS2,强-中风化砂岩,2.376,1.84153
0,3,3,5.0,35.0,87.5,SS2,强-中风化砂岩,2.3531,1.61104
1,3,3,15.0,35.0,87.5,SS2,强-中风化砂岩,2.4052,1.93108
2,3,3,25.0,35.0,87.5,SS2,强-中风化砂岩,2.4421,1.61676
3,3,3,35.0,35.0,87.5,SS2,强-中风化砂岩,2.4056,1.92773
4,3,3,45.0,35.0,87.5,SS2,强-中风化砂岩,2.3761,1.88075
5,3,3,55.0,35.0,87.5,SS2,强-中风化砂岩,2.3553,2.32336
6,3,3,65.0,35.0,87.5,SS2,强-中风化砂岩,2.3761,1.88075
7,3,3,75.0,35.0,87.5,SS2,强-中风化砂岩,2.4048,1.93406
8,3,3,85.0,35.0,87.5,SS2,强-中风化砂岩,2.4008,1.96838
9,3,3,95.0,35.0,87.5,SS2,强-中风化砂岩,2.4049,1.93305
10,3,3,105.0,35.0,87.5,SS2,强-中风化砂岩,2.403,1.94975
11,3,3,115.0,35.0,87.5,SS2,强-中风化砂岩,2.4036,1.94448
0,4,3,5.0,45.0,87.5,SS2,强-中风化砂岩,2.4444,1.59789
1,4,3,15.0,45.0,87.5,SS2,强-中风化砂岩,2.402,1.95803
2,4,3,25.0,45.0,87.5,SS2,强-中风化砂岩,2.4016,1.96106
3,4,3,35.0,45.0,87.5,SS2,强-中风化砂岩,2.4383,1.64975
4,4,3,45.0,45.0,87.5,SS2,强-中风化砂岩,2.402,1.9581
5,4,3,55.0,45.0,87.5,SS2,强-中风化砂岩,2.3761,1.88075
6,4,3,65.0,45.0,87.5,SS2,强-中风化砂岩,2.3733,1.76522
7,4,3,75.0,45.0,87.5,SS2,强-中风化砂岩,2.4051,1.93202
8,4,3,85.0,45.0,87.5,SS2,强-中风化砂岩,2.3955,2.01289
9,4,3,95.0,45.0,87.5,SS2,强-中风化砂岩,2.44,1.63505
10,4,3,105.0,45.0,87.5,SS2,强-中风化砂岩,2.3992,1.98164
11,4,3,115.0,45.0,87.5,SS2,强-中风化砂岩,2.4008,1.96826
0,5,3,5.0,55.0,87.5,SS2,强-中风化砂岩,2.3469,1.58153
1,5,3,15.0,55.0,87.5,SS2,强-中风化砂岩,2.361,1.6545
2,5,3,25.0,55.0,87.5,SS2,强-中风化砂岩,2.3708,1.73231
3,5,3,35.0,55.0,87.5,SS2,强-中风化砂岩,2.4024,1.95492
4,5,3,45.0,55.0,87.5,SS2,强-中风化砂岩,2.4365,1.66508
5,5,3,55.0,55.0,87.5,SS2,强-中风化砂岩,2.4025,1.95339
6,5,3,65.0,55.0,87.5,SS2,强-中风化砂岩,2.4016,1.96148
7,5,3,75.0,55.0,87.5,SS2,强-中风化砂岩,2.4405,1.63046
8,5,3,85.0,55.0,87.5,SS2,强-中风化砂岩,2.4402,1.63333
9,5,3,95.0,55.0,87.5,SS2,强-中风化砂岩,2.4029,1.94994
10,5,3,105.0,55.0,87.5,SS2,强-中风化砂岩,2.376,1.84153
11,5,3,115.0,55.0,87.5,SS2,强-中风化砂岩,2.376,1.84153
0,6,3,5.0,65.0,87.5,SS2,强-中风化砂岩,2.3531,1.61104
1,6,3,15.0,65.0,87.5,SS2,强-中风化砂岩,2.3708,1.73231
2,6,3,25.0,65.0,87.5,SS2,强-中风化砂岩,2.3731,2.00742
3,6,3,35.0,65.0,87.5,SS2,强-中风化砂岩,2.3731,2.00742
4,6,3,45.0,65.0,87.5,SS2,强-中风化砂岩,2.4038,1.94294
5,6,3,55.0,65.0,87.5,SS2,强-中风化砂岩,2.3993,1.98126
6,6,3,65.0,65.0,87.5,SS2,强-中风化砂岩,2.4036,1.94459
7,6,3,75.0,65.0,87.5,SS2,强-中风化砂岩,2.4049,1.93369
8,6,3,85.0,65.0,87.5,SS2,强-中风化砂岩,2.4005,1.97063
9,6,3,95.0,65.0,87.5,SS2,强-中风化砂岩,2.3976,1.99542
10,6,3,105.0,65.0,87.5,SS2,强-中风化砂岩,2.3765,2.1751
11,6,3,115.0,65.0,87.5,SS2,强-中风化砂岩,2.3677,2.12203
0,7,3,5.0,75.0,87.5,SS2,强-中风化砂岩,2.3531,1.61104
1,7,3,15.0,75.0,87.5,SS2,强-中风化砂岩,2.3708,1.73231
2,7,3,25.0,75.0,87.5,SS2,强-中风化砂岩,2.3731,2.00742
3,7,3,35.0,75.0,87.5,SS2,强-中风化砂岩,2.3731,2.00742
4,7,3,45.0,75.0,87.5,SS2,强-中风化砂岩,2.405,1.93285
5,7,3,55.0,75.0,87.5,SS2,强-中风化砂岩,2.4397,1.63718
6,7,3,65.0,75.0,87.5,SS2,强-中风化砂岩,2.405,1.93285
7,7,3,75.0,75.0,87.5,SS2,强-中风化砂岩,2.3731,2.00742
8,7,3,85.0,75.0,87.5,SS2,强-中风化砂岩,2.3862,2.09246
9,7,3,95.0,75.0,87.5,SS2,强-中风化砂岩,2.4292,1.72665
10,7,3,105.0,75.0,87.5,SS2,强-中风化砂岩,2.3974,1.9975
11,7,3,115.0,75.0,87.5,SS2,强-中风化砂岩,2.376,1.84153
0,8,3,5.0,85.0,87.5,SS2,强-中风化砂岩,2.3469,1.58153
1,8,3,15.0,85.0,87.5,SS2,强-中风化砂岩,2.361,1.6545
2,8,3,25.0,85.0,87.5,SS2,强-中风化砂岩,2.3708,1.73231
3,8,3,35.0,85.0,87.5,SS2,强-中风化砂岩,2.3708,1.73231
4,8,3,45.0,85.0,87.5,SS2,强-中风化砂岩,2.4054,1.92948
5,8,3,55.0,85.0,87.5,SS2,强-中风化砂岩,2.3998,1.97641
6,8,3,65.0,85.0,87.5,SS2,强-中风化砂岩,2.3708,1.73231
7,8,3,75.0,85.0,87.5,SS2,强-中风化砂岩,2.3731,2.00742
8,8,3,85.0,85.0,87.5,SS2,强-中风化砂岩,2.3867,2.08782
9,8,3,95.0,85.0,87.5,SS2,强-中风化砂岩,2.4005,1.97063
10,8,3,105.0,85.0,87.5,SS2,强-中风化砂岩,2.3996,1.978
11,8,3,115.0,85.0,87.5,SS2,强-中风化砂岩,2.4055,1.92848
0,9,3,5.0,95.0,87.5,SS2,强-中风化砂岩,2.3379,1.54263
1,9,3,15.0,95.0,87.5,SS2,强-中风化砂岩,2.3469,1.58153
2,9,3,25.0,95.0,87.5,SS2,强-中风化砂岩,2.3531,1.61104
3,9,3,35.0,95.0,87.5,SS2,强-中风化砂岩,2.3531,1.61104
4,9,3,45.0,95.0,87.5,SS2,强-中风化砂岩,2.4035,1.94502
5,9,3,55.0,95.0,87.5,SS2,强-中风化砂岩,2.402,1.95803
6,9,3,65.0,95.0,87.5,SS2,强-中风化砂岩,2.361,1.6545
7,9,3,75.0,95.0,87.5,SS2,强-中风化砂岩,2.3708,1.73231
8,9,3,85.0,95.0,87.5,SS2,强-中风化砂岩,2.3708,1.73231
9,9,3,95.0,95.0,87.5,SS2,强-中风化砂岩,2.4046,1.93632
10,9,3,105.0,95.0,87.5,SS2,强-中风化砂岩,2.4422,1.61601
11,9,3,115.0,95.0,87.5,SS2,强-中风化砂岩,2.4029,1.95047
0,0,4,5.0,5.0,92.5,SS2,强-中风化砂岩,2.3524,2.11322
1,0,4,15.0,5.0,92.5,SS2,强-中风化砂岩,2.3524,2.11322
2,0,4,25.0,5.0,92.5,SS2,强-中风化砂岩,2.3459,1.81437
3,0,4,35.0,5.0,92.5,SS2,强-中风化砂岩,2.3957,2.01145
4,0,4,45.0,5.0,92.5,SS2,强-中风化砂岩,2.3948,2.01949
5,0,4,55.0,5.0,92.5,SS2,强-中风化砂岩,2.3283,1.5932
6,0,4,65.0,5.0,92.5,SS2,强-中风化砂岩,2.3266,1.57885
7,0,4,75.0,5.0,92.5,SS2,强-中风化砂岩,2.3947,2.02036
8,0,4,85.0,5.0,92.5,SS2,强-中风化砂岩,2.3339,1.64814
9,0,4,95.0,5.0,92.5,SS2,强-中风化砂岩,2.343,1.76381
10,0,4,105.0,5.0,92.5,SS2,强-中风化砂岩,2.3468,1.83502
11,0,4,115.0,5.0,92.5,SS2,强-中风化砂岩,2.343,1.76381
0,1,4,5.0,15.0,92.5,SS2,强-中风化砂岩,2.3524,2.11322
1,1,4,15.0,15.0,92.5,SS2,强-中风化砂岩,2.3524,2.11322
2,1,4,25.0,15.0,92.5,SS2,强-中风化砂岩,2.3459,1.81437
3,1,4,35.0,15.0,92.5,SS2,强-中风化砂岩,2.3914,2.04798
4,1,4,45.0,15.0,92.5,SS2,强-中风化砂岩,2.3948,2.01909
5,1,4,55.0,15.0,92.5,SS2,强-中风化砂岩,2.3404,1.72515
6,1,4,65.0,15.0,92.5,SS2,强-中风化砂岩,2.3373,1.68546
7,1,4,75.0,15.0,92.5,SS2,强-中风化砂岩,2.35,2.4
8,1,4,85.0,15.0,92.5,SS2,强-中风化砂岩,2.3396,1.71416
9,1,4,95.0,15.0,92.5,SS2,强-中风化砂岩,2.3507,1.95055
10,1,4,105.0,15.0,92.5,SS2,强-中风化砂岩,2.3522,2.20625
11,1,4,115.0,15.0,92.5,SS2,强-中风化砂岩,2.3507,1.95055
0,2,4,5.0,25.0,92.5,SS2,强-中风化砂岩,2.3459,1.81437
1,2,4,15.0,25.0,92.5,SS2,强-中风化砂岩,2.3459,1.81437
2,2,4,25.0,25.0,92.5,SS2,强-中风化砂岩,2.393,2.03492
3,2,4,35.0,25.0,92.5,SS2,强-中风化砂岩,2.392,2.04306
4,2,4,45.0,25.0,92.5,SS2,强-中风化砂岩,2.3478,1.85824
5,2,4,55.0,25.0,92.5,SS2,强-中风化砂岩,2.3515,1.99312
6,2,4,65.0,25.0,92.5,SS2,强-中风化砂岩,2.3478,1.85824
7,2,4,75.0,25.0,92.5,SS2,强-中风化砂岩,2.3927,2.03729
8,2,4,85.0,25.0,92.5,SS2,强-中风化砂岩,2.3927,2.03679
9,2,4,95.0,25.0,92.5,SS2,强-中风化砂岩,2.3507,1.95055
10,2,4,105.0,25.0,92.5,SS2,强-中风化砂岩,2.3522,2.20625
11,2,4,115.0,25.0,92.5,SS2,强-中风化砂岩,2.3507,1.95055
0,3,4,5.0,35.0,92.5,SS2,强-中风化砂岩,2.3333,1.64186
1,3,4,15.0,35.0,92.5,SS2,强-中风化砂岩,2.3333,1.64186
2,3,4,25.0,35.0,92.5,SS2,强-中风化砂岩,2.35,2.4
3,3,4,35.0,35.0,92.5,SS2,强-中风化砂岩,2.3404,1.72515
4,3,4,45.0,35.0,92.5,SS2,强-中风化砂岩,2.3515,1.99312
5,3,4,55.0,35.0,92.5,SS2,强-中风化砂岩,2.3507,2.34959
6,3,4,65.0,35.0,92.5,SS2,强-中风化砂岩,2.3515,1.99312
7,3,4,75.0,35.0,92.5,SS2,强-中风化砂岩,2.3932,2.03302
8,3,4,85.0,35.0,92.5,SS2,强-中风化砂岩,2.3926,2.0379
9,3,4,95.0,35.0,92.5,SS2,强-中风化砂岩,2.343,1.76381
10,3,4,105.0,35.0,92.5,SS2,强-中风化砂岩,2.388,2.07688
11,3,4,115.0,35.0,92.5,SS2,强-中风化砂岩,2.3909,2.05272
0,4,4,5.0,45.0,92.5,SS2,强-中风化砂岩,2.35,2.4
1,4,4,15.0,45.0,92.5,SS2,强-中风化砂岩,2.3953,2.01537
2,4,4,25.0,45.0,92.5,SS2,强-中风化砂岩,2.3935,2.02991
3,4,4,35.0,45.0,92.5,SS2,强-中风化砂岩,2.35,2.4
4,4,4,45.0,45.0,92.5,SS2,强-中风化砂岩,2.3866,2.08903
5,4,4,55.0,45.0,92.5,SS2,强-中风化砂岩,2.3515,1.99312
6,4,4,65.0,45.0,92.5,SS2,强-中风化砂岩,2.3478,1.85824
7,4,4,75.0,45.0,92.5,SS2,强-中风化砂岩,2.3373,1.68546
8,4,4,85.0,45.0,92.5,SS2,强-中风化砂岩,2.35,2.4
9,4,4,95.0,45.0,92.5,SS2,强-中风化砂岩,2.35,2.4
10,4,4,105.0,45.0,92.5,SS2,强-中风化砂岩,2.3891,2.06746
11,4,4,115.0,45.0,92.5,SS2,强-中风化砂岩,2.3904,2.05682
0,5,4,5.0,55.0,92.5,SS2,强-中风化砂岩,2.3292,1.60128
1,5,4,15.0,55.0,92.5,SS2,强-中风化砂岩,2.3388,1.70393
2,5,4,25.0,55.0,92.5,SS2,强-中风化砂岩,2.3459,1.81437
3,5,4,35.0,55.0,92.5,SS2,强-中风化砂岩,2.3882,2.07495
4,5,4,45.0,55.0,92.5,SS2,强-中风化砂岩,2.35,2.4
5,5,4,55.0,55.0,92.5,SS2,强-中风化砂岩,2.3914,2.04825
6,5,4,65.0,55.0,92.5,SS2,强-中风化砂岩,2.392,2.04306
7,5,4,75.0,55.0,92.5,SS2,强-中风化砂岩,2.35,2.4
8,5,4,85.0,55.0,92.5,SS2,强-中风化砂岩,2.35,2.4
9,5,4,95.0,55.0,92.5,SS2,强-中风化砂岩,2.3904,2.05688
10,5,4,105.0,55.0,92.5,SS2,强-中风化砂岩,2.3507,1.95055
11,5,4,115.0,55.0,92.5,SS2,强-中风化砂岩,2.3507,1.95055
0,6,4,5.0,65.0,92.5,SS2,强-中风化砂岩,2.3333,1.64186
1,6,4,15.0,65.0,92.5,SS2,强-中风化砂岩,2.3459,1.81437
2,6,4,25.0,65.0,92.5,SS2,强-中风化砂岩,2.3524,2.11322
3,6,4,35.0,65.0,92.5,SS2,强-中风化砂岩,2.3524,2.11322
4,6,4,45.0,65.0,92.5,SS2,强-中风化砂岩,2.3459,1.81437
5,6,4,55.0,65.0,92.5,SS2,强-中风化砂岩,2.35,2.4
6,6,4,65.0,65.0,92.5,SS2,强-中风化砂岩,2.393,2.03492
7,6,4,75.0,65.0,92.5,SS2,强-中风化砂岩,2.3459,1.81437
8,6,4,85.0,65.0,92.5,SS2,强-中风化砂岩,2.3869,2.08641
9,6,4,95.0,65.0,92.5,SS2,强-中风化砂岩,2.3842,2.10966
10,6,4,105.0,65.0,92.5,SS2,强-中风化砂岩,2.3522,2.20625
11,6,4,115.0,65.0,92.5,SS2,强-中风化砂岩,2.3522,2.20625
0,7,4,5.0,75.0,92.5,SS2,强-中风化砂岩,2.3333,1.64186
1,7,4,15.0,75.0,92.5,SS2,强-中风化砂岩,2.3459,1.81437
2,7,4,25.0,75.0,92.5,SS2,强-中风化砂岩,2.3524,2.11322
3,7,4,35.0,75.0,92.5,SS2,强-中风化砂岩,2.3524,2.11322
4,7,4,45.0,75.0,92.5,SS2,强-中风化砂岩,2.3459,1.81437
5,7,4,55.0,75.0,92.5,SS2,强-中风化砂岩,2.35,2.4
6,7,4,65.0,75.0,92.5,SS2,强-中风化砂岩,2.3459,1.81437
7,7,4,75.0,75.0,92.5,SS2,强-中风化砂岩,2.3524,2.11322
8,7,4,85.0,75.0,92.5,SS2,强-中风化砂岩,2.3709,2.22195
9,7,4,95.0,75.0,92.5,SS2,强-中风化砂岩,2.35,2.4
10,7,4,105.0,75.0,92.5,SS2,强-中风化砂岩,2.3809,2.1375
11,7,4,115.0,75.0,92.5,SS2,强-中风化砂岩,2.3507,1.95055
0,8,4,5.0,85.0,92.5,SS2,强-中风化砂岩,2.3292,1.60128
1,8,4,15.0,85.0,92.5,SS2,强-中风化砂岩,2.3388,1.70393
2,8,4,25.0,85.0,92.5,SS2,强-中风化砂岩,2.3459,1.81437
3,8,4,35.0,85.0,92.5,SS2,强-中风化砂岩,2.3459,1.81437
4,8,4,45.0,85.0,92.5,SS2,强-中风化砂岩,2.3388,1.70393
5,8,4,55.0,85.0,92.5,SS2,强-中风化砂岩,2.392,2.04286
6,8,4,65.0,85.0,92.5,SS2,强-中风化砂岩,2.3459,1.81437
7,8,4,75.0,85.0,92.5,SS2,强-中风化砂岩,2.3524,2.11322
8,8,4,85.0,85.0,92.5,SS2,强-中风化砂岩,2.3524,2.11322
9,8,4,95.0,85.0,92.5,SS2,强-中风化砂岩,2.3869,2.08641
10,8,4,105.0,85.0,92.5,SS2,强-中风化砂岩,2.3895,2.06456
11,8,4,115.0,85.0,92.5,SS2,强-中风化砂岩,2.3396,1.71416
0,9,4,5.0,95.0,92.5,SS2,强-中风化砂岩,2.3232,1.55082
1,9,4,15.0,95.0,92.5,SS2,强-中风化砂岩,2.3292,1.60128
2,9,4,25.0,95.0,92.5,SS2,强-中风化砂岩,2.3333,1.64186
3,9,4,35.0,95.0,92.5,SS2,强-中风化砂岩,2.3333,1.64186
4,9,4,45.0,95.0,92.5,SS2,强-中风化砂岩,2.3966,2.00405
5,9,4,55.0,95.0,92.5,SS2,强-中风化砂岩,2.3953,2.01537
6,9,4,65.0,95.0,92.5,SS2,强-中风化砂岩,2.3388,1.70393
7,9,4,75.0,95.0,92.5,SS2,强-中风化砂岩,2.3459,1.81437
8,9,4,85.0,95.0,92.5,SS2,强-中风化砂岩,2.3459,1.81437
9,9,4,95.0,95.0,92.5,SS2,强-中风化砂岩,2.3937,2.02829
10,9,4,105.0,95.0,92.5,SS2,强-中风化砂岩,2.35,2.4
11,9,4,115.0,95.0,92.5,SS2,强-中风化砂岩,2.3964,2.00524
0,0,5,5.0,5.0,97.5,SS2,强-中风化砂岩,2.334,2.07764
1,0,5,15.0,5.0,97.5,SS2,强-中风化砂岩,2.334,2.07764
2,0,5,25.0,5.0,97.5,SS2,强-中风化砂岩,2.3212,1.82065
3,0,5,35.0,5.0,97.5,SS2,强-中风化砂岩,2.3121,1.63782
4,0,5,45.0,5.0,97.5,SS2,强-中风化砂岩,2.35,2.4
5,0,5,55.0,5.0,97.5,SS2,强-中风化砂岩,2.3095,1.58643
6,0,5,65.0,5.0,97.5,SS2,强-中风化砂岩,2.3088,1.57149
7,0,5,75.0,5.0,97.5,SS2,强-中风化砂岩,2.35,2.4
8,0,5,85.0,5.0,97.5,SS2,强-中风化砂岩,2.3124,1.64452
9,0,5,95.0,5.0,97.5,SS2,强-中风化砂岩,2.3186,1.76799
10,0,5,105.0,5.0,97.5,SS2,强-中风化砂岩,2.3222,1.84167
11,0,5,115.0,5.0,97.5,SS2,强-中风化砂岩,2.3186,1.76799
0,1,5,5.0,15.0,97.5,SS2,强-中风化砂岩,2.334,2.07764
1,1,5,15.0,15.0,97.5,SS2,强-中风化砂岩,2.334,2.07764
2,1,5,25.0,15.0,97.5,SS2,强-中风化砂岩,2.3212,1.82065
3,1,5,35.0,15.0,97.5,SS2,强-中风化砂岩,2.35,2.4
4,1,5,45.0,15.0,97.5,SS2,强-中风化砂岩,2.3144,1.68444
5,1,5,55.0,15.0,97.5,SS2,强-中风化砂岩,2.3165,1.72693
6,1,5,65.0,15.0,97.5,SS2,强-中风化砂岩,2.3144,1.68444
7,1,5,75.0,15.0,97.5,SS2,强-中风化砂岩,2.35,2.4
8,1,5,85.0,15.0,97.5,SS2,强-中风化砂岩,2.3159,1.71518
9,1,5,95.0,15.0,97.5,SS2,强-中风化砂岩,2.3277,1.95162
10,1,5,105.0,15.0,97.5,SS2,强-中风化砂岩,2.3367,2.13337
11,1,5,115.0,15.0,97.5,SS2,强-中风化砂岩,2.3277,1.95162
0,2,5,5.0,25.0,97.5,SS2,强-中风化砂岩,2.3212,1.82065
1,2,5,15.0,25.0,97.5,SS2,强-中风化砂岩,2.3212,1.82065
2,2,5,25.0,25.0,97.5,SS2,强-中风化砂岩,2.3154,1.70423
3,2,5,35.0,25.0,97.5,SS2,强-中风化砂岩,2.35,2.4
4,2,5,45.0,25.0,97.5,SS2,强-中风化砂岩,2.3234,1.86487
5,2,5,55.0,25.0,97.5,SS2,强-中风化砂岩,2.3295,1.98811
6,2,5,65.0,25.0,97.5,SS2,强-中风化砂岩,2.3234,1.86487
7,2,5,75.0,25.0,97.5,SS2,强-中风化砂岩,2.35,2.4
8,2,5,85.0,25.0,97.5,SS2,强-中风化砂岩,2.3159,1.71518
9,2,5,95.0,25.0,97.5,SS2,强-中风化砂岩,2.3277,1.95162
10,2,5,105.0,25.0,97.5,SS2,强-中风化砂岩,2.3367,2.13337
11,2,5,115.0,25.0,97.5,SS2,强-中风化砂岩,2.3277,1.95162
0,3,5,5.0,35.0,97.5,SS2,强-中风化砂岩,2.3121,1.63782
1,3,5,15.0,35.0,97.5,SS2,强-中风化砂岩,2.3121,1.63782
2,3,5,25.0,35.0,97.5,SS2,强-中风化砂岩,2.35,2.4
3,3,5,35.0,35.0,97.5,SS2,强-中风化砂岩,2.3165,1.72693
4,3,5,45.0,35.0,97.5,SS2,强-中风化砂岩,2.3295,1.98811
5,3,5,55.0,35.0,97.5,SS2,强-中风化砂岩,2.34,2.199
6,3,5,65.0,35.0,97.5,SS2,强-中风化砂岩,2.3295,1.98811
7,3,5,75.0,35.0,97.5,SS2,强-中风化砂岩,2.3165,1.72693
8,3,5,85.0,35.0,97.5,SS2,强-中风化砂岩,2.35,2.4
9,3,5,95.0,35.0,97.5,SS2,强-中风化砂岩,2.3186,1.76799
10,3,5,105.0,35.0,97.5,SS2,强-中风化砂岩,2.3222,1.84167
11,3,5,115.0,35.0,97.5,SS2,强-中风化砂岩,2.3186,1.76799
0,4,5,5.0,45.0,97.5,SS2,强-中风化砂岩,2.35,2.4
1,4,5,15.0,45.0,97.5,SS2,强-中风化砂岩,2.35,2.4
2,4,5,25.0,45.0,97.5,SS2,强-中风化砂岩,2.35,2.4
3,4,5,35.0,45.0,97.5,SS2,强-中风化砂岩,2.35,2.4
4,4,5,45.0,45.0,97.5,SS2,强-中风化砂岩,2.3234,1.86487
5,4,5,55.0,45.0,97.5,SS2,强-中风化砂岩,2.3295,1.98811
6,4,5,65.0,45.0,97.5,SS2,强-中风化砂岩,2.3234,1.86487
7,4,5,75.0,45.0,97.5,SS2,强-中风化砂岩,2.3144,1.68444
8,4,5,85.0,45.0,97.5,SS2,强-中风化砂岩,2.35,2.4
9,4,5,95.0,45.0,97.5,SS2,强-中风化砂岩,2.35,2.4
10,4,5,105.0,45.0,97.5,SS2,强-中风化砂岩,2.35,2.4
11,4,5,115.0,45.0,97.5,SS2,强-中风化砂岩,2.35,2.4
0,5,5,5.0,55.0,97.5,SS2,强-中风化砂岩,2.3099,1.59489
1,5,5,15.0,55.0,97.5,SS2,强-中风化砂岩,2.3154,1.70423
2,5,5,25.0,55.0,97.5,SS2,强-中风化砂岩,2.3212,1.82065
3,5,5,35.0,55.0,97.5,SS2,强-中风化砂岩,2.3212,1.82065
4,5,5,45.0,55.0,97.5,SS2,强-中风化砂岩,2.35,2.4
5,5,5,55.0,55.0,97.5,SS2,强-中风化砂岩,2.35,2.4
6,5,5,65.0,55.0,97.5,SS2,强-中风化砂岩,2.35,2.4
7,5,5,75.0,55.0,97.5,SS2,强-中风化砂岩,2.35,2.4
8,5,5,85.0,55.0,97.5,SS2,强-中风化砂岩,2.35,2.4
9,5,5,95.0,55.0,97.5,SS2,强-中风化砂岩,2.3186,1.76799
10,5,5,105.0,55.0,97.5,SS2,强-中风化砂岩,2.3277,1.95162
11,5,5,115.0,55.0,97.5,SS2,强-中风化砂岩,2.3277,1.95162
0,6,5,5.0,65.0,97.5,SS2,强-中风化砂岩,2.3121,1.63782
1,6,5,15.0,65.0,97.5,SS2,强-中风化砂岩,2.3212,1.82065
2,6,5,25.0,65.0,97.5,SS2,强-中风化砂岩,2.334,2.07764
3,6,5,35.0,65.0,97.5,SS2,强-中风化砂岩,2.334,2.07764
4,6,5,45.0,65.0,97.5,SS2,强-中风化砂岩,2.3212,1.82065
5,6,5,55.0,65.0,97.5,SS2,强-中风化砂岩,2.35,2.4
6,6,5,65.0,65.0,97.5,SS2,强-中风化砂岩,2.3154,1.70423
7,6,5,75.0,65.0,97.5,SS2,强-中风化砂岩,2.3212,1.82065
8,6,5,85.0,65.0,97.5,SS2,强-中风化砂岩,2.35,2.4
9,6,5,95.0,65.0,97.5,SS2,强-中风化砂岩,2.35,2.4
10,6,5,105.0,65.0,97.5,SS2,强-中风化砂岩,2.3367,2.13337
11,6,5,115.0,65.0,97.5,SS2,强-中风化砂岩,2.3367,2.13337
0,7,5,5.0,75.0,97.5,SS2,强-中风化砂岩,2.3121,1.63782
1,7,5,15.0,75.0,97.5,SS2,强-中风化砂岩,2.3212,1.82065
2,7,5,25.0,75.0,97.5,SS2,强-中风化砂岩,2.334,2.07764
3,7,5,35.0,75.0,97.5,SS2,强-中风化砂岩,2.334,2.07764
4,7,5,45.0,75.0,97.5,SS2,强-中风化砂岩,2.3212,1.82065
5,7,5,55.0,75.0,97.5,SS2,强-中风化砂岩,2.35,2.4
6,7,5,65.0,75.0,97.5,SS2,强-中风化砂岩,2.3212,1.82065
7,7,5,75.0,75.0,97.5,SS2,强-中风化砂岩,2.334,2.07764
8,7,5,85.0,75.0,97.5,SS2,强-中风化砂岩,2.334,2.07764
9,7,5,95.0,75.0,97.5,SS2,强-中风化砂岩,2.35,2.4
10,7,5,105.0,75.0,97.5,SS2,强-中风化砂岩,2.3277,1.95162
11,7,5,115.0,75.0,97.5,SS2,强-中风化砂岩,2.3277,1.95162
0,8,5,5.0,85.0,97.5,SS2,强-中风化砂岩,2.3099,1.59489
1,8,5,15.0,85.0,97.5,SS2,强-中风化砂岩,2.3154,1.70423
2,8,5,25.0,85.0,97.5,SS2,强-中风化砂岩,2.3212,1.82065
3,8,5,35.0,85.0,97.5,SS2,强-中风化砂岩,2.3212,1.82065
4,8,5,45.0,85.0,97.5,SS2,强-中风化砂岩,2.3154,1.70423
5,8,5,55.0,85.0,97.5,SS2,强-中风化砂岩,2.35,2.4
6,8,5,65.0,85.0,97.5,SS2,强-中风化砂岩,2.3212,1.82065
7,8,5,75.0,85.0,97.5,SS2,强-中风化砂岩,2.334,2.07764
8,8,5,85.0,85.0,97.5,SS2,强-中风化砂岩,2.334,2.07764
9,8,5,95.0,85.0,97.5,SS2,强-中风化砂岩,2.35,2.4
10,8,5,105.0,85.0,97.5,SS2,强-中风化砂岩,2.35,2.4
11,8,5,115.0,85.0,97.5,SS2,强-中风化砂岩,2.3159,1.71518
0,9,5,5.0,95.0,97.5,SS2,强-中风化砂岩,2.3073,1.54267
1,9,5,15.0,95.0,97.5,SS2,强-中风化砂岩,2.3099,1.59489
2,9,5,25.0,95.0,97.5,SS2,强-中风化砂岩,2.3121,1.63782
3,9,5,35.0,95.0,97.5,SS2,强-中风化砂岩,2.3121,1.63782
4,9,5,45.0,95.0,97.5,SS2,强-中风化砂岩,2.3099,1.59489
5,9,5,55.0,95.0,97.5,SS2,强-中风化砂岩,2.35,2.4
6,9,5,65.0,95.0,97.5,SS2,强-中风化砂岩,2.3154,1.70423
7,9,5,75.0,95.0,97.5,SS2,强-中风化砂岩,2.3212,1.82065
8,9,5,85.0,95.0,97.5,SS2,强-中风化砂岩,2.3212,1.82065
9,9,5,95.0,95.0,97.5,SS2,强-中风化砂岩,2.3154,1.70423
10,9,5,105.0,95.0,97.5,SS2,强-中风化砂岩,2.35,2.4
11,9,5,115.0,95.0,97.5,SS2,强-中风化砂岩,2.3093,1.58246
0,0,6,5.0,5.0,102.5,SS2,强-中风化砂岩,2.3172,2.0768
1,0,6,15.0,5.0,102.5,SS2,强-中风化砂岩,2.3172,2.0768
2,0,6,25.0,5.0,102.5,SS2,强-中风化砂岩,2.2932,1.75992
3,0,6,35.0,5.0,102.5,SS2,强-中风化砂岩,2.2586,1.86974
4,0,6,45.0,5.0,102.5,SS2,强-中风化砂岩,2.2605,1.88071
5,0,6,55.0,5.0,102.5,SS2,强-中风化砂岩,2.2895,1.5531
6,0,6,65.0,5.0,102.5,SS2,强-中风化砂岩,2.2898,1.54077
7,0,6,75.0,5.0,102.5,SS2,强-中风化砂岩,2.2607,1.88191
8,0,6,85.0,5.0,102.5,SS2,强-中风化砂岩,2.2889,1.60161
9,0,6,95.0,5.0,102.5,SS2,强-中风化砂岩,2.291,1.71007
10,0,6,105.0,5.0,102.5,SS2,强-中风化砂岩,2.2942,1.78068
11,0,6,115.0,5.0,102.5,SS2,强-中风化砂岩,2.291,1.71007
0,1,6,5.0,15.0,102.5,SS2,强-中风化砂岩,2.3172,2.0768
1,1,6,15.0,15.0,102.5,SS2,强-中风化砂岩,2.3172,2.0768
2,1,6,25.0,15.0,102.5,SS2,强-中风化砂岩,2.2932,1.75992
3,1,6,35.0,15.0,102.5,SS2,强-中风化砂岩,2.2672,1.91959
4,1,6,45.0,15.0,102.5,SS2,强-中风化砂岩,2.2604,1.88017
5,1,6,55.0,15.0,102.5,SS2,强-中风化砂岩,2.2898,1.67291
6,1,6,65.0,15.0,102.5,SS2,强-中风化砂岩,2.2891,1.6357
7,1,6,75.0,15.0,102.5,SS2,强-中风化砂岩,2.35,2.4
8,1,6,85.0,15.0,102.5,SS2,强-中风化砂岩,2.2896,1.66251
9,1,6,95.0,15.0,102.5,SS2,强-中风化砂岩,2.3021,1.90036
10,1,6,105.0,15.0,102.5,SS2,强-中风化砂岩,2.3272,2.18047
11,1,6,115.0,15.0,102.5,SS2,强-中风化砂岩,2.3021,1.90036
0,2,6,5.0,25.0,102.5,SS2,强-中风化砂岩,2.2932,1.75992
1,2,6,15.0,25.0,102.5,SS2,强-中风化砂岩,2.2932,1.75992
2,2,6,25.0,25.0,102.5,SS2,强-中风化砂岩,2.2641,1.90177
3,2,6,35.0,25.0,102.5,SS2,强-中风化砂岩,2.266,1.91289
4,2,6,45.0,25.0,102.5,SS2,强-中风化砂岩,2.2956,1.80426
5,2,6,55.0,25.0,102.5,SS2,强-中风化砂岩,2.3057,1.94578
6,2,6,65.0,25.0,102.5,SS2,强-中风化砂岩,2.2956,1.80426
7,2,6,75.0,25.0,102.5,SS2,强-中风化砂岩,2.2647,1.90501
8,2,6,85.0,25.0,102.5,SS2,强-中风化砂岩,2.2645,1.90432
9,2,6,95.0,25.0,102.5,SS2,强-中风化砂岩,2.3021,1.90036
10,2,6,105.0,25.0,102.5,SS2,强-中风化砂岩,2.3272,2.18047
11,2,6,115.0,25.0,102.5,SS2,强-中风化砂岩,2.3021,1.90036
0,3,6,5.0,35.0,102.5,SS2,强-中风化砂岩,2.2889,1.59596
1,3,6,15.0,35.0,102.5,SS2,强-中风化砂岩,2.2889,1.59596
2,3,6,25.0,35.0,102.5,SS2,强-中风化砂岩,2.35,2.4
3,3,6,35.0,35.0,102.5,SS2,强-中风化砂岩,2.2898,1.67291
4,3,6,45.0,35.0,102.5,SS2,强-中风化砂岩,2.3057,1.94578
5,3,6,55.0,35.0,102.5,SS2,强-中风化砂岩,2.3439,2.34255
6,3,6,65.0,35.0,102.5,SS2,强-中风化砂岩,2.3057,1.94578
7,3,6,75.0,35.0,102.5,SS2,强-中风化砂岩,2.2637,1.89918
8,3,6,85.0,35.0,102.5,SS2,强-中风化砂岩,2.2648,1.90584
9,3,6,95.0,35.0,102.5,SS2,强-中风化砂岩,2.291,1.71007
10,3,6,105.0,35.0,102.5,SS2,强-中风化砂岩,2.274,1.95904
11,3,6,115.0,35.0,102.5,SS2,强-中风化砂岩,2.2683,1.92607
0,4,6,5.0,45.0,102.5,SS2,强-中风化砂岩,2.35,2.4
1,4,6,15.0,45.0,102.5,SS2,强-中风化砂岩,2.2595,1.87509
2,4,6,25.0,45.0,102.5,SS2,强-中风化砂岩,2.2629,1.89494
3,4,6,35.0,45.0,102.5,SS2,强-中风化砂岩,2.35,2.4
4,4,6,45.0,45.0,102.5,SS2,强-中风化砂岩,2.2768,1.97562
5,4,6,55.0,45.0,102.5,SS2,强-中风化砂岩,2.3057,1.94578
6,4,6,65.0,45.0,102.5,SS2,强-中风化砂岩,2.2956,1.80426
7,4,6,75.0,45.0,102.5,SS2,强-中风化砂岩,2.2891,1.6357
8,4,6,85.0,45.0,102.5,SS2,强-中风化砂岩,2.35,2.4
9,4,6,95.0,45.0,102.5,SS2,强-中风化砂岩,2.35,2.4
10,4,6,105.0,45.0,102.5,SS2,强-中风化砂岩,2.2718,1.94618
11,4,6,115.0,45.0,102.5,SS2,强-中风化砂岩,2.2693,1.93166
0,5,6,5.0,55.0,102.5,SS2,强-中风化砂岩,2.2893,1.56011
1,5,6,15.0,55.0,102.5,SS2,强-中风化砂岩,2.2894,1.6529
2,5,6,25.0,55.0,102.5,SS2,强-中风化砂岩,2.2932,1.75992
3,5,6,35.0,55.0,102.5,SS2,强-中风化砂岩,2.2735,1.9564
4,5,6,45.0,55.0,102.5,SS2,强-中风化砂岩,2.35,2.4
5,5,6,55.0,55.0,102.5,SS2,强-中风化砂岩,2.2672,1.91996
6,5,6,65.0,55.0,102.5,SS2,强-中风化砂岩,2.266,1.91289
7,5,6,75.0,55.0,102.5,SS2,强-中风化砂岩,2.35,2.4
8,5,6,85.0,55.0,102.5,SS2,强-中风化砂岩,2.35,2.4
9,5,6,95.0,55.0,102.5,SS2,强-中风化砂岩,2.2693,1.93175
10,5,6,105.0,55.0,102.5,SS2,强-中风化砂岩,2.3021,1.90036
11,5,6,115.0,55.0,102.5,SS2,强-中风化砂岩,2.3021,1.90036
0,6,6,5.0,65.0,102.5,SS2,强-中风化砂岩,2.2889,1.59596
1,6,6,15.0,65.0,102.5,SS2,强-中风化砂岩,2.2932,1.75992
2,6,6,25.0,65.0,102.5,SS2,强-中风化砂岩,2.3172,2.0768
3,6,6,35.0,65.0,102.5,SS2,强-中风化砂岩,2.3172,2.0768
4,6,6,45.0,65.0,102.5,SS2,强-中风化砂岩,2.2932,1.75992
5,6,6,55.0,65.0,102.5,SS2,强-中风化砂岩,2.35,2.4
6,6,6,65.0,65.0,102.5,SS2,强-中风化砂岩,2.2641,1.90177
7,6,6,75.0,65.0,102.5,SS2,强-中风化砂岩,2.2932,1.75992
8,6,6,85.0,65.0,102.5,SS2,强-中风化砂岩,2.2762,1.97205
9,6,6,95.0,65.0,102.5,SS2,强-中风化砂岩,2.2817,2.00377
10,6,6,105.0,65.0,102.5,SS2,强-中风化砂岩,2.3272,2.18047
11,6,6,115.0,65.0,102.5,SS2,强-中风化砂岩,2.3272,2.18047
0,7,6,5.0,75.0,102.5,SS2,强-中风化砂岩,2.2889,1.59596
1,7,6,15.0,75.0,102.5,SS2,强-中风化砂岩,2.2932,1.75992
2,7,6,25.0,75.0,102.5,SS2,强-中风化砂岩,2.3172,2.0768
3,7,6,35.0,75.0,102.5,SS2,强-中风化砂岩,2.3172,2.0768
4,7,6,45.0,75.0,102.5,SS2,强-中风化砂岩,2.2932,1.75992
5,7,6,55.0,75.0,102.5,SS2,强-中风化砂岩,2.35,2.4
6,7,6,65.0,75.0,102.5,SS2,强-中风化砂岩,2.2932,1.75992
7,7,6,75.0,75.0,102.5,SS2,强-中风化砂岩,2.3172,2.0768
8,7,6,85.0,75.0,102.5,SS2,强-中风化砂岩,2.3081,2.15701
9,7,6,95.0,75.0,102.5,SS2,强-中风化砂岩,2.35,2.4
10,7,6,105.0,75.0,102.5,SS2,强-中风化砂岩,2.2882,2.04176
11,7,6,115.0,75.0,102.5,SS2,强-中风化砂岩,2.3021,1.90036
0,8,6,5.0,85.0,102.5,SS2,强-中风化砂岩,2.2893,1.56011
1,8,6,15.0,85.0,102.5,SS2,强-中风化砂岩,2.2894,1.6529
2,8,6,25.0,85.0,102.5,SS2,强-中风化砂岩,2.2932,1.75992
3,8,6,35.0,85.0,102.5,SS2,强-中风化砂岩,2.2932,1.75992
4,8,6,45.0,85.0,102.5,SS2,强-中风化砂岩,2.2894,1.6529
5,8,6,55.0,85.0,102.5,SS2,强-中风化砂岩,2.266,1.9126
6,8,6,65.0,85.0,102.5,SS2,强-中风化砂岩,2.2932,1.75992
7,8,6,75.0,85.0,102.5,SS2,强-中风化砂岩,2.3172,2.0768
8,8,6,85.0,85.0,102.5,SS2,强-中风化砂岩,2.3172,2.0768
9,8,6,95.0,85.0,102.5,SS2,强-中风化砂岩,2.2762,1.97205
10,8,6,105.0,85.0,102.5,SS2,强-中风化砂岩,2.2711,1.94223
11,8,6,115.0,85.0,102.5,SS2,强-中风化砂岩,2.2896,1.66251
0,9,6,5.0,95.0,102.5,SS2,强-中风化砂岩,2.2906,1.51707
1,9,6,15.0,95.0,102.5,SS2,强-中风化砂岩,2.2893,1.56011
2,9,6,25.0,95.0,102.5,SS2,强-中风化砂岩,2.2889,1.59596
3,9,6,35.0,95.0,102.5,SS2,强-中风化砂岩,2.2889,1.59596
4,9,6,45.0,95.0,102.5,SS2,强-中风化砂岩,2.2568,1.85964
5,9,6,55.0,95.0,102.5,SS2,强-中风化砂岩,2.2595,1.87509
6,9,6,65.0,95.0,102.5,SS2,强-中风化砂岩,2.2894,1.6529
7,9,6,75.0,95.0,102.5,SS2,强-中风化砂岩,2.2932,1.75992
8,9,6,85.0,95.0,102.5,SS2,强-中风化砂岩,2.2932,1.75992
9,9,6,95.0,95.0,102.5,SS2,强-中风化砂岩,2.2625,1.89273
10,9,6,105.0,95.0,102.5,SS2,强-中风化砂岩,2.35,2.4
11,9,6,115.0,95.0,102.5,SS2,强-中风化砂岩,2.2571,1.86126
0,0,7,5.0,5.0,107.5,SS2,强-中风化砂岩,2.2832,1.91456
1,0,7,15.0,5.0,107.5,SS2,强-中风化砂岩,2.2832,1.91456
2,0,7,25.0,5.0,107.5,SS2,强-中风化砂岩,2.2569,1.61452
3,0,7,35.0,5.0,107.5,SS2,强-中风化砂岩,2.2416,1.77109
4,0,7,45.0,5.0,107.5,SS2,强-中风化砂岩,2.2489,1.81335
5,0,7,55.0,5.0,107.5,SS2,强-中风化砂岩,2.2685,1.49584
6,0,7,65.0,5.0,107.5,SS2,强-中风化砂岩,2.2409,1.76709
7,0,7,75.0,5.0,107.5,SS2,强-中风化砂岩,2.2502,1.82125
8,0,7,85.0,5.0,107.5,SS2,强-中风化砂岩,2.2633,1.52179
9,0,7,95.0,5.0,107.5,SS2,强-中风化砂岩,2.2573,1.58277
10,0,7,105.0,5.0,107.5,SS2,强-中风化砂岩,2.2571,1.62872
11,0,7,115.0,5.0,107.5,SS2,强-中风化砂岩,2.2573,1.58277
0,1,7,5.0,15.0,107.5,SS2,强-中风化砂岩,2.2832,1.91456
1,1,7,15.0,15.0,107.5,SS2,强-中风化砂岩,2.2832,1.91456
2,1,7,25.0,15.0,107.5,SS2,强-中风化砂岩,2.2569,1.61452
3,1,7,35.0,15.0,107.5,SS2,强-中风化砂岩,2.2518,1.83021
4,1,7,45.0,15.0,107.5,SS2,强-中风化砂岩,2.2399,1.76135
5,1,7,55.0,15.0,107.5,SS2,强-中风化砂岩,2.2586,1.56092
6,1,7,65.0,15.0,107.5,SS2,强-中风化砂岩,2.2606,1.54017
7,1,7,75.0,15.0,107.5,SS2,强-中风化砂岩,2.166,1.333
8,1,7,85.0,15.0,107.5,SS2,强-中风化砂岩,2.2385,1.75334
9,1,7,95.0,15.0,107.5,SS2,强-中风化砂岩,2.2626,1.7244
10,1,7,105.0,15.0,107.5,SS2,强-中风化砂岩,2.3012,2.05335
11,1,7,115.0,15.0,107.5,SS2,强-中风化砂岩,2.2626,1.7244
0,2,7,5.0,25.0,107.5,SS2,强-中风化砂岩,2.2569,1.61452
1,2,7,15.0,25.0,107.5,SS2,强-中风化砂岩,2.2569,1.61452
2,2,7,25.0,25.0,107.5,SS2,强-中风化砂岩,2.2428,1.7785
3,2,7,35.0,25.0,107.5,SS2,强-中风化砂岩,2.2468,1.80155
4,2,7,45.0,25.0,107.5,SS2,强-中风化砂岩,2.2576,1.64565
5,2,7,55.0,25.0,107.5,SS2,强-中风化砂岩,2.2666,1.76758
6,2,7,65.0,25.0,107.5,SS2,强-中风化砂岩,2.2576,1.64565
7,2,7,75.0,25.0,107.5,SS2,强-中风化砂岩,2.2451,1.79187
8,2,7,85.0,25.0,107.5,SS2,强-中风化砂岩,2.2425,1.7764
9,2,7,95.0,25.0,107.5,SS2,强-中风化砂岩,2.2626,1.7244
10,2,7,105.0,25.0,107.5,SS2,强-中风化砂岩,2.3012,2.05335
11,2,7,115.0,25.0,107.5,SS2,强-中风化砂岩,2.2626,1.7244
0,3,7,5.0,35.0,107.5,SS2,强-中风化砂岩,2.2638,1.51877
1,3,7,15.0,35.0,107.5,SS2,强-中风化砂岩,2.2397,1.76006
2,3,7,25.0,35.0,107.5,SS2,强-中风化砂岩,2.1657,1.33111
3,3,7,35.0,35.0,107.5,SS2,强-中风化砂岩,2.2389,1.75549
4,3,7,45.0,35.0,107.5,SS2,强-中风化砂岩,2.2666,1.76758
5,3,7,55.0,35.0,107.5,SS2,强-中风化砂岩,2.3361,2.30354
6,3,7,65.0,35.0,107.5,SS2,强-中风化砂岩,2.2666,1.76758
7,3,7,75.0,35.0,107.5,SS2,强-中风化砂岩,2.2404,1.76413
8,3,7,85.0,35.0,107.5,SS2,强-中风化砂岩,2.2484,1.81096
9,3,7,95.0,35.0,107.5,SS2,强-中风化砂岩,2.2401,1.76275
10,3,7,105.0,35.0,107.5,SS2,强-中风化砂岩,2.2441,1.78554
11,3,7,115.0,35.0,107.5,SS2,强-中风化砂岩,2.2428,1.77835
0,4,7,5.0,45.0,107.5,SS2,强-中风化砂岩,2.1613,1.30535
1,4,7,15.0,45.0,107.5,SS2,强-中风化砂岩,2.246,1.79685
2,4,7,25.0,45.0,107.5,SS2,强-中风化砂岩,2.2467,1.80097
3,4,7,35.0,45.0,107.5,SS2,强-中风化砂岩,2.1735,1.37613
4,4,7,45.0,45.0,107.5,SS2,强-中风化砂岩,2.246,1.79694
5,4,7,55.0,45.0,107.5,SS2,强-中风化砂岩,2.2666,1.76758
6,4,7,65.0,45.0,107.5,SS2,强-中风化砂岩,2.2576,1.64565
7,4,7,75.0,45.0,107.5,SS2,强-中风化砂岩,2.2399,1.76135
8,4,7,85.0,45.0,107.5,SS2,强-中风化砂岩,2.2589,1.87171
9,4,7,95.0,45.0,107.5,SS2,强-中风化砂岩,2.17,1.35606
10,4,7,105.0,45.0,107.5,SS2,强-中风化砂岩,2.2516,1.82906
11,4,7,115.0,45.0,107.5,SS2,强-中风化砂岩,2.2484,1.8108
0,5,7,5.0,55.0,107.5,SS2,强-中风化砂岩,2.2676,1.49961
1,5,7,15.0,55.0,107.5,SS2,强-中风化砂岩,2.2596,1.54964
2,5,7,25.0,55.0,107.5,SS2,强-中风化砂岩,2.2569,1.61452
3,5,7,35.0,55.0,107.5,SS2,强-中风化砂岩,2.2453,1.7926
4,5,7,45.0,55.0,107.5,SS2,强-中风化砂岩,2.1771,1.39705
5,5,7,55.0,55.0,107.5,SS2,强-中风化砂岩,2.2449,1.79051
6,5,7,65.0,55.0,107.5,SS2,强-中风化砂岩,2.2468,1.80155
7,5,7,75.0,55.0,107.5,SS2,强-中风化砂岩,2.1689,1.34981
8,5,7,85.0,55.0,107.5,SS2,强-中风化砂岩,2.1696,1.35372
9,5,7,95.0,55.0,107.5,SS2,强-中风化砂岩,2.2441,1.7858
10,5,7,105.0,55.0,107.5,SS2,强-中风化砂岩,2.2626,1.7244
11,5,7,115.0,55.0,107.5,SS2,强-中风化砂岩,2.2626,1.7244
0,6,7,5.0,65.0,107.5,SS2,强-中风化砂岩,2.2638,1.51877
1,6,7,15.0,65.0,107.5,SS2,强-中风化砂岩,2.2569,1.61452
2,6,7,25.0,65.0,107.5,SS2,强-中风化砂岩,2.2832,1.91456
3,6,7,35.0,65.0,107.5,SS2,强-中风化砂岩,2.2832,1.91456
4,6,7,45.0,65.0,107.5,SS2,强-中风化砂岩,2.2425,1.77625
5,6,7,55.0,65.0,107.5,SS2,强-中风化砂岩,2.2515,1.82855
6,6,7,65.0,65.0,107.5,SS2,强-中风化砂岩,2.2428,1.7785
7,6,7,75.0,65.0,107.5,SS2,强-中风化砂岩,2.2403,1.76363
8,6,7,85.0,65.0,107.5,SS2,强-中风化砂岩,2.249,1.81403
9,6,7,95.0,65.0,107.5,SS2,强-中风化砂岩,2.2548,1.84787
10,6,7,105.0,65.0,107.5,SS2,强-中风化砂岩,2.2971,2.09307
11,6,7,115.0,65.0,107.5,SS2,强-中风化砂岩,2.3012,2.05335
0,7,7,5.0,75.0,107.5,SS2,强-中风化砂岩,2.2638,1.51877
1,7,7,15.0,75.0,107.5,SS2,强-中风化砂岩,2.2569,1.61452
2,7,7,25.0,75.0,107.5,SS2,强-中风化砂岩,2.2832,1.91456
3,7,7,35.0,75.0,107.5,SS2,强-中风化砂岩,2.2832,1.91456
4,7,7,45.0,75.0,107.5,SS2,强-中风化砂岩,2.2401,1.76248
5,7,7,55.0,75.0,107.5,SS2,强-中风化砂岩,2.1705,1.35897
6,7,7,65.0,75.0,107.5,SS2,强-中风化砂岩,2.2401,1.76248
7,7,7,75.0,75.0,107.5,SS2,强-中风化砂岩,2.2832,1.91456
8,7,7,85.0,75.0,107.5,SS2,强-中风化砂岩,2.2776,1.98029
9,7,7,95.0,75.0,107.5,SS2,强-中风化砂岩,2.1916,1.48108
10,7,7,105.0,75.0,107.5,SS2,强-中风化砂岩,2.2553,1.85071
11,7,7,115.0,75.0,107.5,SS2,强-中风化砂岩,2.2626,1.7244
0,8,7,5.0,85.0,107.5,SS2,强-中风化砂岩,2.2676,1.49961
1,8,7,15.0,85.0,107.5,SS2,强-中风化砂岩,2.2596,1.54964
2,8,7,25.0,85.0,107.5,SS2,强-中风化砂岩,2.2569,1.61452
3,8,7,35.0,85.0,107.5,SS2,强-中风化砂岩,2.2569,1.61452
4,8,7,45.0,85.0,107.5,SS2,强-中风化砂岩,2.2393,1.75788
5,8,7,55.0,85.0,107.5,SS2,强-中风化砂岩,2.2503,1.82192
6,8,7,65.0,85.0,107.5,SS2,强-中风化砂岩,2.2569,1.61452
7,8,7,75.0,85.0,107.5,SS2,强-中风化砂岩,2.2832,1.91456
8,8,7,85.0,85.0,107.5,SS2,强-中风化砂岩,2.2765,1.97397
9,8,7,95.0,85.0,107.5,SS2,强-中风化砂岩,2.249,1.81403
10,8,7,105.0,85.0,107.5,SS2,强-中风化砂岩,2.2507,1.82409
11,8,7,115.0,85.0,107.5,SS2,强-中风化砂岩,2.2391,1.75652
0,9,7,5.0,95.0,107.5,SS2,强-中风化砂岩,2.2735,1.47603
1,9,7,15.0,95.0,107.5,SS2,强-中风化砂岩,2.2676,1.49961
2,9,7,25.0,95.0,107.5,SS2,强-中风化砂岩,2.2638,1.51877
3,9,7,35.0,95.0,107.5,SS2,强-中风化砂岩,2.2638,1.51877
4,9,7,45.0,95.0,107.5,SS2,强-中风化砂岩,2.2429,1.77909
5,9,7,55.0,95.0,107.5,SS2,强-中风化砂岩,2.246,1.79685
6,9,7,65.0,95.0,107.5,SS2,强-中风化砂岩,2.2596,1.54964
7,9,7,75.0,95.0,107.5,SS2,强-中风化砂岩,2.2569,1.61452
8,9,7,85.0,95.0,107.5,SS2,强-中风化砂岩,2.2569,1.61452
9,9,7,95.0,95.0,107.5,SS2,强-中风化砂岩,2.2409,1.76721
10,9,7,105.0,95.0,107.5,SS2,强-中风化砂岩,2.1655,1.33008
11,9,7,115.0,95.0,107.5,SS2,强-中风化砂岩,2.2442,1.78653
0,0,8,5.0,5.0,112.5,SS2,强-中风化砂岩,2.1798,1.32047
1,0,8,15.0,5.0,112.5,SS2,强-中风化砂岩,2.1798,1.32047
2,0,8,25.0,5.0,112.5,SS2,强-中风化砂岩,2.2098,1.38283
3,0,8,35.0,5.0,112.5,SS2,强-中风化砂岩,2.2223,1.65915
4,0,8,45.0,5.0,112.5,SS2,强-中风化砂岩,2.15,1.24
5,0,8,55.0,5.0,112.5,SS2,强-中风化砂岩,2.2224,1.65973
6,0,8,65.0,5.0,112.5,SS2,强-中风化砂岩,2.2274,1.68893
7,0,8,75.0,5.0,112.5,SS2,强-中风化砂岩,2.15,1.24
8,0,8,85.0,5.0,112.5,SS2,强-中风化砂岩,2.2153,1.61865
9,0,8,95.0,5.0,112.5,SS2,强-中风化砂岩,2.2171,1.39421
10,0,8,105.0,5.0,112.5,SS2,强-中风化砂岩,2.2071,1.37807
11,0,8,115.0,5.0,112.5,SS2,强-中风化砂岩,2.2171,1.39421
0,1,8,5.0,15.0,112.5,SS2,强-中风化砂岩,2.1798,1.32047
1,1,8,15.0,15.0,112.5,SS2,强-中风化砂岩,2.1798,1.32047
2,1,8,25.0,15.0,112.5,SS2,强-中风化砂岩,2.198,1.51813
3,1,8,35.0,15.0,112.5,SS2,强-中风化砂岩,2.15,1.24
4,1,8,45.0,15.0,112.5,SS2,强-中风化砂岩,2.2157,1.62112
5,1,8,55.0,15.0,112.5,SS2,强-中风化砂岩,2.2232,1.40241
6,1,8,65.0,15.0,112.5,SS2,强-中风化砂岩,2.2113,1.59546
7,1,8,75.0,15.0,112.5,SS2,强-中风化砂岩,2.15,1.24
8,1,8,85.0,15.0,112.5,SS2,强-中风化砂岩,2.2107,1.59209
9,1,8,95.0,15.0,112.5,SS2,强-中风化砂岩,2.1936,1.35189
10,1,8,105.0,15.0,112.5,SS2,强-中风化砂岩,2.1741,1.30641
11,1,8,115.0,15.0,112.5,SS2,强-中风化砂岩,2.1936,1.35189
0,2,8,5.0,25.0,112.5,SS2,强-中风化砂岩,2.2098,1.38283
1,2,8,15.0,25.0,112.5,SS2,强-中风化砂岩,2.2098,1.38283
2,2,8,25.0,25.0,112.5,SS2,强-中风化砂岩,2.2171,1.6289
3,2,8,35.0,25.0,112.5,SS2,强-中风化砂岩,2.15,1.24
4,2,8,45.0,25.0,112.5,SS2,强-中风化砂岩,2.1921,1.48407
5,2,8,55.0,25.0,112.5,SS2,强-中风化砂岩,2.1894,1.34288
6,2,8,65.0,25.0,112.5,SS2,强-中风化砂岩,2.2041,1.37271
7,2,8,75.0,25.0,112.5,SS2,强-中风化砂岩,2.15,1.24
8,2,8,85.0,25.0,112.5,SS2,强-中风化砂岩,2.2154,1.61949
9,2,8,95.0,25.0,112.5,SS2,强-中风化砂岩,2.1936,1.35189
10,2,8,105.0,25.0,112.5,SS2,强-中风化砂岩,2.1741,1.30641
11,2,8,115.0,25.0,112.5,SS2,强-中风化砂岩,2.1936,1.35189
0,3,8,5.0,35.0,112.5,SS2,强-中风化砂岩,2.2158,1.62182
1,3,8,15.0,35.0,112.5,SS2,强-中风化砂岩,2.2201,1.64668
2,3,8,25.0,35.0,112.5,SS2,强-中风化砂岩,2.15,1.24
3,3,8,35.0,35.0,112.5,SS2,强-中风化砂岩,2.2098,1.58674
4,3,8,45.0,35.0,112.5,SS2,强-中风化砂岩,2.1806,1.41756
5,3,8,55.0,35.0,112.5,SS2,强-中风化砂岩,2.1678,1.28988
6,3,8,65.0,35.0,112.5,SS2,强-中风化砂岩,2.1894,1.34288
7,3,8,75.0,35.0,112.5,SS2,强-中风化砂岩,2.2116,1.59715
8,3,8,85.0,35.0,112.5,SS2,强-中风化砂岩,2.15,1.24
9,3,8,95.0,35.0,112.5,SS2,强-中风化砂岩,2.2062,1.56589
10,3,8,105.0,35.0,112.5,SS2,强-中风化砂岩,2.2003,1.53149
11,3,8,115.0,35.0,112.5,SS2,强-中风化砂岩,2.2095,1.58516
0,4,8,5.0,45.0,112.5,SS2,强-中风化砂岩,2.15,1.24
1,4,8,15.0,45.0,112.5,SS2,强-中风化砂岩,2.15,1.24
2,4,8,25.0,45.0,112.5,SS2,强-中风化砂岩,2.15,1.24
3,4,8,35.0,45.0,112.5,SS2,强-中风化砂岩,2.15,1.24
4,4,8,45.0,45.0,112.5,SS2,强-中风化砂岩,2.1988,1.52307
5,4,8,55.0,45.0,112.5,SS2,强-中风化砂岩,2.1817,1.42412
6,4,8,65.0,45.0,112.5,SS2,强-中风化砂岩,2.1921,1.48407
7,4,8,75.0,45.0,112.5,SS2,强-中风化砂岩,2.2157,1.62112
8,4,8,85.0,45.0,112.5,SS2,强-中风化砂岩,2.15,1.24
9,4,8,95.0,45.0,112.5,SS2,强-中风化砂岩,2.15,1.24
10,4,8,105.0,45.0,112.5,SS2,强-中风化砂岩,2.15,1.24
11,4,8,115.0,45.0,112.5,SS2,强-中风化砂岩,2.15,1.24
0,5,8,5.0,55.0,112.5,SS2,强-中风化砂岩,2.2209,1.65124
1,5,8,15.0,55.0,112.5,SS2,强-中风化砂岩,2.2267,1.4066
2,5,8,25.0,55.0,112.5,SS2,强-中风化砂岩,2.198,1.51813
3,5,8,35.0,55.0,112.5,SS2,强-中风化砂岩,2.2052,1.56022
4,5,8,45.0,55.0,112.5,SS2,强-中风化砂岩,2.15,1.24
5,5,8,55.0,55.0,112.5,SS2,强-中风化砂岩,2.15,1.24
6,5,8,65.0,55.0,112.5,SS2,强-中风化砂岩,2.15,1.24
7,5,8,75.0,55.0,112.5,SS2,强-中风化砂岩,2.15,1.24
8,5,8,85.0,55.0,112.5,SS2,强-中风化砂岩,2.15,1.24
9,5,8,95.0,55.0,112.5,SS2,强-中风化砂岩,2.2111,1.59426
10,5,8,105.0,55.0,112.5,SS2,强-中风化砂岩,2.1853,1.44471
11,5,8,115.0,55.0,112.5,SS2,强-中风化砂岩,2.1846,1.44067
0,6,8,5.0,65.0,112.5,SS2,强-中风化砂岩,2.2379,1.41706
1,6,8,15.0,65.0,112.5,SS2,强-中风化砂岩,2.2098,1.38283
2,6,8,25.0,65.0,112.5,SS2,强-中风化砂岩,2.1798,1.32047
3,6,8,35.0,65.0,112.5,SS2,强-中风化砂岩,2.1737,1.37768
4,6,8,45.0,65.0,112.5,SS2,强-中风化砂岩,2.2016,1.53911
5,6,8,55.0,65.0,112.5,SS2,强-中风化砂岩,2.15,1.24
6,6,8,65.0,65.0,112.5,SS2,强-中风化砂岩,2.2171,1.6289
7,6,8,75.0,65.0,112.5,SS2,强-中风化砂岩,2.1987,1.52254
8,6,8,85.0,65.0,112.5,SS2,强-中风化砂岩,2.15,1.24
9,6,8,95.0,65.0,112.5,SS2,强-中风化砂岩,2.15,1.24
10,6,8,105.0,65.0,112.5,SS2,强-中风化砂岩,2.1716,1.36548
11,6,8,115.0,65.0,112.5,SS2,强-中风化砂岩,2.1741,1.30641
0,7,8,5.0,75.0,112.5,SS2,强-中风化砂岩,2.2379,1.41706
1,7,8,15.0,75.0,112.5,SS2,强-中风化砂岩,2.2098,1.38283
2,7,8,25.0,75.0,112.5,SS2,强-中风化砂岩,2.1798,1.32047
3,7,8,35.0,75.0,112.5,SS2,强-中风化砂岩,2.1798,1.32047
4,7,8,45.0,75.0,112.5,SS2,强-中风化砂岩,2.1985,1.52102
5,7,8,55.0,75.0,112.5,SS2,强-中风化砂岩,2.15,1.24
6,7,8,65.0,75.0,112.5,SS2,强-中风化砂岩,2.1985,1.52102
7,7,8,75.0,75.0,112.5,SS2,强-中风化砂岩,2.1736,1.37704
8,7,8,85.0,75.0,112.5,SS2,强-中风化砂岩,2.1781,1.40301
9,7,8,95.0,75.0,112.5,SS2,强-中风化砂岩,2.15,1.24
10,7,8,105.0,75.0,112.5,SS2,强-中风化砂岩,2.1928,1.48797
11,7,8,115.0,75.0,112.5,SS2,强-中风化砂岩,2.1851,1.44365
0,8,8,5.0,85.0,112.5,SS2,强-中风化砂岩,2.2459,1.42184
1,8,8,15.0,85.0,112.5,SS2,强-中风化砂岩,2.2267,1.4066
2,8,8,25.0,85.0,112.5,SS2,强-中风化砂岩,2.2098,1.38283
3,8,8,35.0,85.0,112.5,SS2,强-中风化砂岩,2.2098,1.38283
4,8,8,45.0,85.0,112.5,SS2,强-中风化砂岩,2.2129,1.60465
5,8,8,55.0,85.0,112.5,SS2,强-中风化砂岩,2.15,1.24
6,8,8,65.0,85.0,112.5,SS2,强-中风化砂岩,2.1966,1.51052
7,8,8,75.0,85.0,112.5,SS2,强-中风化砂岩,2.1798,1.32047
8,8,8,85.0,85.0,112.5,SS2,强-中风化砂岩,2.1753,1.38658
9,8,8,95.0,85.0,112.5,SS2,强-中风化砂岩,2.15,1.24
10,8,8,105.0,85.0,112.5,SS2,强-中风化砂岩,2.15,1.24
11,8,8,115.0,85.0,112.5,SS2,强-中风化砂岩,2.2114,1.5959
0,9,8,5.0,95.0,112.5,SS2,强-中风化砂岩,2.2568,1.42458
1,9,8,15.0,95.0,112.5,SS2,强-中风化砂岩,2.2459,1.42184
2,9,8,25.0,95.0,112.5,SS2,强-中风化砂岩,2.2379,1.41706
3,9,8,35.0,95.0,112.5,SS2,强-中风化砂岩,2.2379,1.41706
4,9,8,45.0,95.0,112.5,SS2,强-中风化砂岩,2.2277,1.69049
5,9,8,55.0,95.0,112.5,SS2,强-中风化砂岩,2.15,1.24
6,9,8,65.0,95.0,112.5,SS2,强-中风化砂岩,2.2267,1.4066
7,9,8,75.0,95.0,112.5,SS2,强-中风化砂岩,2.2098,1.38283
8,9,8,85.0,95.0,112.5,SS2,强-中风化砂岩,2.1961,1.50722
9,9,8,95.0,95.0,112.5,SS2,强-中风化砂岩,2.2148,1.61568
10,9,8,105.0,95.0,112.5,SS2,强-中风化砂岩,2.15,1.24
11,9,8,115.0,95.0,112.5,SS2,强-中风化砂岩,2.2301,1.70477
0,0,9,5.0,5.0,117.5,CL1,粉质黏土,2.063,0.67249
1,0,9,15.0,5.0,117.5,CL1,粉质黏土,2.063,0.67249
2,0,9,25.0,5.0,117.5,CL1,粉质黏土,2.1247,1.09327
3,0,9,35.0,5.0,117.5,CL1,粉质黏土,2.1341,1.14756
4,0,9,45.0,5.0,117.5,CL1,粉质黏土,2.1373,1.1663
5,0,9,55.0,5.0,117.5,CL1,粉质黏土,2.1475,1.2255
6,0,9,65.0,5.0,117.5,CL1,粉质黏土,2.1429,1.19881
7,0,9,75.0,5.0,117.5,CL1,粉质黏土,2.1383,1.17213
8,0,9,85.0,5.0,117.5,CL1,粉质黏土,2.1435,1.20252
9,0,9,95.0,5.0,117.5,CL1,粉质黏土,2.1784,1.19809
10,0,9,105.0,5.0,117.5,CL1,粉质黏土,2.1571,1.11501
11,0,9,115.0,5.0,117.5,CL1,粉质黏土,2.1784,1.19809
0,1,9,5.0,15.0,117.5,CL1,粉质黏土,2.063,0.67249
1,1,9,15.0,15.0,117.5,CL1,粉质黏土,2.063,0.67249
2,1,9,25.0,15.0,117.5,CL1,粉质黏土,2.1201,1.06683
3,1,9,35.0,15.0,117.5,CL1,粉质黏土,2.1311,1.13019
4,1,9,45.0,15.0,117.5,CL1,粉质黏土,2.1323,1.13713
5,1,9,55.0,15.0,117.5,CL1,粉质黏土,2.1398,1.18102
6,1,9,65.0,15.0,117.5,CL1,粉质黏土,2.1391,1.17654
7,1,9,75.0,15.0,117.5,CL1,粉质黏土,2.134,1.147
8,1,9,85.0,15.0,117.5,CL1,粉质黏土,2.1317,1.1338
9,1,9,95.0,15.0,117.5,CL1,粉质黏土,2.1205,0.95335
10,1,9,105.0,15.0,117.5,CL1,粉质黏土,2.0274,0.48943
11,1,9,115.0,15.0,117.5,CL1,粉质黏土,2.1205,0.95335
0,2,9,5.0,25.0,117.5,CL1,粉质黏土,2.1634,1.1404
1,2,9,15.0,25.0,117.5,CL1,粉质黏土,2.124,1.08913
2,2,9,25.0,25.0,117.5,CL1,粉质黏土,2.1264,1.1034
3,2,9,35.0,25.0,117.5,CL1,粉质黏土,2.1279,1.1118
4,2,9,45.0,25.0,117.5,CL1,粉质黏土,2.1142,1.03212
5,2,9,55.0,25.0,117.5,CL1,粉质黏土,2.1061,0.88553
6,2,9,65.0,25.0,117.5,CL1,粉质黏土,2.1155,1.03965
7,2,9,75.0,25.0,117.5,CL1,粉质黏土,2.1282,1.1133
8,2,9,85.0,25.0,117.5,CL1,粉质黏土,2.1253,1.09695
9,2,9,95.0,25.0,117.5,CL1,粉质黏土,2.0955,0.92383
10,2,9,105.0,25.0,117.5,CL1,粉质黏土,2.019,0.48014
11,2,9,115.0,25.0,117.5,CL1,粉质黏土,2.0952,0.92207
0,3,9,5.0,35.0,117.5,CL1,粉质黏土,2.1445,1.20789
1,3,9,15.0,35.0,117.5,CL1,粉质黏土,2.1375,1.16779
2,3,9,25.0,35.0,117.5,CL1,粉质黏土,2.1343,1.14889
3,3,9,35.0,35.0,117.5,CL1,粉质黏土,2.1299,1.12343
4,3,9,45.0,35.0,117.5,CL1,粉质黏土,2.0837,0.85548
5,3,9,55.0,35.0,117.5,CL1,粉质黏土,1.9703,0.18851
6,3,9,65.0,35.0,117.5,CL1,粉质黏土,2.085,0.86274
7,3,9,75.0,35.0,117.5,CL1,粉质黏土,2.1273,1.10815
8,3,9,85.0,35.0,117.5,CL1,粉质黏土,2.1312,1.13122
9,3,9,95.0,35.0,117.5,CL1,粉质黏土,2.1239,1.08881
10,3,9,105.0,35.0,117.5,CL1,粉质黏土,2.1111,1.01467
11,3,9,115.0,35.0,117.5,CL1,粉质黏土,2.1193,1.06182
0,4,9,5.0,45.0,117.5,CL1,粉质黏土,2.1387,1.17465
1,4,9,15.0,45.0,117.5,CL1,粉质黏土,2.1359,1.15811
2,4,9,25.0,45.0,117.5,CL1,粉质黏土,2.1322,1.13651
3,4,9,35.0,45.0,117.5,CL1,粉质黏土,2.1265,1.10387
4,4,9,45.0,45.0,117.5,CL1,粉质黏土,2.1062,0.98569
5,4,9,55.0,45.0,117.5,CL1,粉质黏土,2.0827,0.84993
6,4,9,65.0,45.0,117.5,CL1,粉质黏土,2.1142,1.03212
7,4,9,75.0,45.0,117.5,CL1,粉质黏土,2.1323,1.13713
8,4,9,85.0,45.0,117.5,CL1,粉质黏土,2.0411,0.60829
9,4,9,95.0,45.0,117.5,CL1,粉质黏土,2.13,1.12394
10,4,9,105.0,45.0,117.5,CL1,粉质黏土,2.1239,1.08834
11,4,9,115.0,45.0,117.5,CL1,粉质黏土,2.1246,1.09261
0,5,9,5.0,55.0,117.5,CL1,粉质黏土,2.1477,1.22658
1,5,9,15.0,55.0,117.5,CL1,粉质黏土,2.1418,1.19248
2,5,9,25.0,55.0,117.5,CL1,粉质黏土,2.1201,1.06683
3,5,9,35.0,55.0,117.5,CL1,粉质黏土,2.1122,1.02068
4,5,9,45.0,55.0,117.5,CL1,粉质黏土,2.1229,1.08295
5,5,9,55.0,55.0,117.5,CL1,粉质黏土,2.1239,1.08863
6,5,9,65.0,55.0,117.5,CL1,粉质黏土,2.1279,1.1118
7,5,9,75.0,55.0,117.5,CL1,粉质黏土,2.1311,1.13019
8,5,9,85.0,55.0,117.5,CL1,粉质黏土,2.1304,1.12628
9,5,9,95.0,55.0,117.5,CL1,粉质黏土,2.1193,1.0618
10,5,9,105.0,55.0,117.5,CL1,粉质黏土,2.093,0.90929
11,5,9,115.0,55.0,117.5,CL1,粉质黏土,2.0936,0.91316
0,6,9,5.0,65.0,117.5,SS2,强-中风化砂岩,2.214,1.31114
1,6,9,15.0,65.0,117.5,CL1,粉质黏土,2.1634,1.1404
2,6,9,25.0,65.0,117.5,CL1,粉质黏土,2.0497,0.65846
3,6,9,35.0,65.0,117.5,CL1,粉质黏土,2.0489,0.65348
4,6,9,45.0,65.0,117.5,CL1,粉质黏土,2.1155,1.03986
5,6,9,55.0,65.0,117.5,CL1,粉质黏土,2.0485,0.65145
6,6,9,65.0,65.0,117.5,CL1,粉质黏土,2.1264,1.1034
7,6,9,75.0,65.0,117.5,CL1,粉质黏土,2.1192,1.0612
8,6,9,85.0,65.0,117.5,CL1,粉质黏土,2.1122,1.02064
9,6,9,95.0,65.0,117.5,CL1,粉质黏土,2.1084,0.99876
10,6,9,105.0,65.0,117.5,CL1,粉质黏土,2.018,0.47458
11,6,9,115.0,65.0,117.5,CL1,粉质黏土,2.0189,0.47939
0,7,9,5.0,75.0,117.5,SS2,强-中风化砂岩,2.214,1.31114
1,7,9,15.0,75.0,117.5,CL1,粉质黏土,2.1634,1.1404
2,7,9,25.0,75.0,117.5,CL1,粉质黏土,2.063,0.67249
3,7,9,35.0,75.0,117.5,CL1,粉质黏土,2.063,0.67249
4,7,9,45.0,75.0,117.5,CL1,粉质黏土,2.1195,1.06315
5,7,9,55.0,75.0,117.5,CL1,粉质黏土,2.1295,1.12103
6,7,9,65.0,75.0,117.5,CL1,粉质黏土,2.1195,1.06315
7,7,9,75.0,75.0,117.5,CL1,粉质黏土,2.0489,0.65381
8,7,9,85.0,75.0,117.5,CL1,粉质黏土,2.0465,0.6398
9,7,9,95.0,75.0,117.5,CL1,粉质黏土,2.1084,0.99892
10,7,9,105.0,75.0,117.5,CL1,粉质黏土,2.0876,0.87824
11,7,9,115.0,75.0,117.5,CL1,粉质黏土,2.0932,0.91031
0,8,9,5.0,85.0,117.5,SS2,强-中风化砂岩,2.226,1.34027
1,8,9,15.0,85.0,117.5,SS2,强-中风化砂岩,2.1959,1.25824
2,8,9,25.0,85.0,117.5,CL1,粉质黏土,2.1634,1.1404
3,8,9,35.0,85.0,117.5,CL1,粉质黏土,2.1634,1.1404
4,8,9,45.0,85.0,117.5,CL1,粉质黏土,2.1314,1.13192
5,8,9,55.0,85.0,117.5,CL1,粉质黏土,2.1314,1.13224
6,8,9,65.0,85.0,117.5,CL1,粉质黏土,2.1218,1.07651
7,8,9,75.0,85.0,117.5,CL1,粉质黏土,2.0495,0.65705
8,8,9,85.0,85.0,117.5,CL1,粉质黏土,2.0481,0.64877
9,8,9,95.0,85.0,117.5,CL1,粉质黏土,2.1122,1.02064
10,8,9,105.0,85.0,117.5,CL1,粉质黏土,2.1241,1.08963
11,8,9,115.0,85.0,117.5,CL1,粉质黏土,2.1307,1.12815
0,9,9,5.0,95.0,117.5,SS2,强-中风化砂岩,2.2416,1.36989
1,9,9,15.0,95.0,117.5,SS2,强-中风化砂岩,2.226,1.34027
2,9,9,25.0,95.0,117.5,SS2,强-中风化砂岩,2.214,1.31114
3,9,9,35.0,95.0,117.5,CL1,粉质黏土,2.1492,1.23538
4,9,9,45.0,95.0,117.5,CL1,粉质黏土,2.1363,1.16039
5,9,9,55.0,95.0,117.5,CL1,粉质黏土,2.1359,1.15811
6,9,9,65.0,95.0,117.5,CL1,粉质黏土,2.1403,1.18388
7,9,9,75.0,95.0,117.5,CL1,粉质黏土,2.1634,1.1404
8,9,9,85.0,95.0,117.5,CL1,粉质黏土,2.1225,1.08069
9,9,9,95.0,95.0,117.5,CL1,粉质黏土,2.1285,1.11526
10,9,9,105.0,95.0,117.5,CL1,粉质黏土,2.1345,1.14992
11,9,9,115.0,95.0,117.5,CL1,粉质黏土,2.1371,1.16527
0,0,10,5.0,5.0,122.5,CL1,粉质黏土,2.0296,0.48499
1,0,10,15.0,5.0,122.5,CL1,粉质黏土,2.0296,0.48499
2,0,10,25.0,5.0,122.5,CL1,粉质黏土,2.0961,0.92721
3,0,10,35.0,5.0,122.5,CL1,粉质黏土,2.1186,1.05797
4,0,10,45.0,5.0,122.5,CL1,粉质黏土,2.1261,1.10155
5,0,10,55.0,5.0,122.5,CL1,粉质黏土,2.133,1.14119
6,0,10,65.0,5.0,122.5,CL1,粉质黏土,2.1294,1.12034
7,0,10,75.0,5.0,122.5,CL1,粉质黏土,2.1279,1.11182
8,0,10,85.0,5.0,122.5,CL1,粉质黏土,2.1253,1.09702
9,0,10,95.0,5.0,122.5,CL1,粉质黏土,2.1112,1.01519
10,0,10,105.0,5.0,122.5,CL1,粉质黏土,2.1268,0.94976
11,0,10,115.0,5.0,122.5,CL1,粉质黏土,2.1522,1.05912
0,1,10,5.0,15.0,122.5,CL1,粉质黏土,2.0296,0.48499
1,1,10,15.0,15.0,122.5,CL1,粉质黏土,2.0175,0.47157
2,1,10,25.0,15.0,122.5,CL1,粉质黏土,2.0918,0.90238
3,1,10,35.0,15.0,122.5,CL1,粉质黏土,2.1154,1.03959
4,1,10,45.0,15.0,122.5,CL1,粉质黏土,2.1118,1.01857
5,1,10,55.0,15.0,122.5,CL1,粉质黏土,2.1165,1.04587
6,1,10,65.0,15.0,122.5,CL1,粉质黏土,2.1184,1.05698
7,1,10,75.0,15.0,122.5,CL1,粉质黏土,2.1203,1.06788
8,1,10,85.0,15.0,122.5,CL1,粉质黏土,2.1094,1.0043
9,1,10,95.0,15.0,122.5,CL1,粉质黏土,2.0622,0.73087
10,1,10,105.0,15.0,122.5,CL1,粉质黏土,2.0006,0.33895
11,1,10,115.0,15.0,122.5,CL1,粉质黏土,2.0855,0.75867
0,2,10,5.0,25.0,122.5,CL1,粉质黏土,2.1342,0.98233
1,2,10,15.0,25.0,122.5,CL1,粉质黏土,2.0954,0.92331
2,2,10,25.0,25.0,122.5,CL1,粉质黏土,2.1084,0.99854
3,2,10,35.0,25.0,122.5,CL1,粉质黏土,2.1104,1.01058
4,2,10,45.0,25.0,122.5,CL1,粉质黏土,2.0835,0.85403
5,2,10,55.0,25.0,122.5,CL1,粉质黏土,2.0509,0.66547
6,2,10,65.0,25.0,122.5,CL1,粉质黏土,2.0846,0.86096
7,2,10,75.0,25.0,122.5,CL1,粉质黏土,2.1109,1.01339
8,2,10,85.0,25.0,122.5,CL1,粉质黏土,2.1067,0.98874
9,2,10,95.0,25.0,122.5,CL1,粉质黏土,2.0614,0.72586
10,2,10,105.0,25.0,122.5,CL1,粉质黏土,1.9932,0.33028
11,2,10,115.0,25.0,122.5,CL1,粉质黏土,2.0611,0.72433
0,3,10,5.0,35.0,122.5,CL1,粉质黏土,2.1267,1.10476
1,3,10,15.0,35.0,122.5,CL1,粉质黏土,2.0578,0.70548
2,3,10,25.0,35.0,122.5,CL1,粉质黏土,2.1209,1.07107
3,3,10,35.0,35.0,122.5,CL1,粉质黏土,2.0536,0.68059
4,3,10,45.0,35.0,122.5,CL1,粉质黏土,2.0491,0.65485
5,3,10,55.0,35.0,122.5,CL1,粉质黏土,1.9602,0.13931
6,3,10,65.0,35.0,122.5,CL1,粉质黏土,2.0502,0.66093
7,3,10,75.0,35.0,122.5,CL1,粉质黏土,2.1049,0.9785
8,3,10,85.0,35.0,122.5,CL1,粉质黏土,2.1158,1.04169
9,3,10,95.0,35.0,122.5,CL1,粉质黏土,2.0986,0.94216
10,3,10,105.0,35.0,122.5,CL1,粉质黏土,2.0832,0.85247
11,3,10,115.0,35.0,122.5,CL1,粉质黏土,2.0977,0.93675
0,4,10,5.0,45.0,122.5,CL1,粉质黏土,2.1287,1.11627
1,4,10,15.0,45.0,122.5,CL1,粉质黏土,2.1237,1.08746
2,4,10,25.0,45.0,122.5,CL1,粉质黏土,2.1174,1.05074
3,4,10,35.0,45.0,122.5,CL1,粉质黏土,2.1081,0.99677
4,4,10,45.0,45.0,122.5,CL1,粉质黏土,2.0783,0.82399
5,4,10,55.0,45.0,122.5,CL1,粉质黏土,2.0483,0.6502
6,4,10,65.0,45.0,122.5,CL1,粉质黏土,2.0835,0.85403
7,4,10,75.0,45.0,122.5,CL1,粉质黏土,2.0564,0.69687
8,4,10,85.0,45.0,122.5,CL1,粉质黏土,1.95,0.08
9,4,10,95.0,45.0,122.5,CL1,粉质黏土,2.1136,1.02911
10,4,10,105.0,45.0,122.5,CL1,粉质黏土,2.1039,0.97275
11,4,10,115.0,45.0,122.5,CL1,粉质黏土,2.1052,0.98019
0,5,10,5.0,55.0,122.5,CL1,粉质黏土,2.1326,1.1391
1,5,10,15.0,55.0,122.5,CL1,粉质黏土,2.1199,1.06537
2,5,10,25.0,55.0,122.5,CL1,粉质黏土,2.0918,0.90238
3,5,10,35.0,55.0,122.5,CL1,粉质黏土,2.0878,0.87903
4,5,10,45.0,55.0,122.5,CL1,粉质黏土,2.1023,0.96344
5,5,10,55.0,55.0,122.5,CL1,粉质黏土,2.1044,0.9753
6,5,10,65.0,55.0,122.5,CL1,粉质黏土,2.1104,1.01058
7,5,10,75.0,55.0,122.5,CL1,粉质黏土,2.1154,1.03959
8,5,10,85.0,55.0,122.5,CL1,粉质黏土,2.1143,1.03293
9,5,10,95.0,55.0,122.5,CL1,粉质黏土,2.0976,0.93623
10,5,10,105.0,55.0,122.5,CL1,粉质黏土,2.0592,0.71326
11,5,10,115.0,55.0,122.5,CL1,粉质黏土,2.0598,0.71661
0,6,10,5.0,65.0,122.5,SS2,强-中风化砂岩,2.1955,1.22271
1,6,10,15.0,65.0,122.5,CL1,粉质黏土,2.1342,0.98233
2,6,10,25.0,65.0,122.5,CL1,粉质黏土,2.0173,0.47059
3,6,10,35.0,65.0,122.5,CL1,粉质黏土,2.0167,0.46687
4,6,10,45.0,65.0,122.5,CL1,粉质黏土,2.0875,0.87722
5,6,10,55.0,65.0,122.5,CL1,粉质黏土,2.0364,0.58118
6,6,10,65.0,65.0,122.5,CL1,粉质黏土,2.0497,0.6584
7,6,10,75.0,65.0,122.5,CL1,粉质黏土,2.0488,0.65307
8,6,10,85.0,65.0,122.5,CL1,粉质黏土,2.0874,0.87707
9,6,10,95.0,65.0,122.5,CL1,粉质黏土,2.0819,0.84484
10,6,10,105.0,65.0,122.5,CL1,粉质黏土,1.9925,0.32654
11,6,10,115.0,65.0,122.5,CL1,粉质黏土,1.9931,0.32978
0,7,10,5.0,75.0,122.5,SS2,强-中风化砂岩,2.1955,1.22271
1,7,10,15.0,75.0,122.5,CL1,粉质黏土,2.1342,0.98233
2,7,10,25.0,75.0,122.5,CL1,粉质黏土,2.0296,0.48499
3,7,10,35.0,75.0,122.5,CL1,粉质黏土,2.0175,0.47157
4,7,10,45.0,75.0,122.5,CL1,粉质黏土,2.0912,0.89893
5,7,10,55.0,75.0,122.5,CL1,粉质黏土,2.1128,1.02419
6,7,10,65.0,75.0,122.5,CL1,粉质黏土,2.0912,0.89893
7,7,10,75.0,75.0,122.5,CL1,粉质黏土,2.0167,0.46712
8,7,10,85.0,75.0,122.5,CL1,粉质黏土,2.0159,0.46225
9,7,10,95.0,75.0,122.5,CL1,粉质黏土,2.0813,0.84151
10,7,10,105.0,75.0,122.5,CL1,粉质黏土,2.0576,0.7041
11,7,10,115.0,75.0,122.5,CL1,粉质黏土,2.0593,0.71415
0,8,10,5.0,85.0,122.5,SS2,强-中风化砂岩,2.2101,1.26889
1,8,10,15.0,85.0,122.5,CL1,粉质黏土,2.1735,1.14368
2,8,10,25.0,85.0,122.5,CL1,粉质黏土,2.1342,0.98233
3,8,10,35.0,85.0,122.5,CL1,粉质黏土,2.0975,0.93541
4,8,10,45.0,85.0,122.5,CL1,粉质黏土,2.1097,1.00642
5,8,10,55.0,85.0,122.5,CL1,粉质黏土,2.1161,1.04313
6,8,10,65.0,85.0,122.5,CL1,粉质黏土,2.0934,0.91145
7,8,10,75.0,85.0,122.5,CL1,粉质黏土,2.0172,0.46954
8,8,10,85.0,85.0,122.5,CL1,粉质黏土,2.0161,0.46335
9,8,10,95.0,85.0,122.5,CL1,粉质黏土,2.0874,0.87707
10,8,10,105.0,85.0,122.5,CL1,粉质黏土,2.1043,0.97496
11,8,10,115.0,85.0,122.5,CL1,粉质黏土,2.1084,0.99884
0,9,10,5.0,95.0,122.5,SS2,强-中风化砂岩,2.2289,1.31925
1,9,10,15.0,95.0,122.5,SS2,强-中风化砂岩,2.2101,1.26889
2,9,10,25.0,95.0,122.5,SS2,强-中风化砂岩,2.1955,1.22271
3,9,10,35.0,95.0,122.5,CL1,粉质黏土,2.1314,1.13196
4,9,10,45.0,95.0,122.5,CL1,粉质黏土,2.1244,1.09175
5,9,10,55.0,95.0,122.5,CL1,粉质黏土,2.1237,1.08746
6,9,10,65.0,95.0,122.5,CL1,粉质黏土,2.1184,1.05695
7,9,10,75.0,95.0,122.5,CL1,粉质黏土,2.0978,0.93752
8,9,10,85.0,95.0,122.5,CL1,粉质黏土,2.094,0.91537
9,9,10,95.0,95.0,122.5,CL1,粉质黏土,2.1086,0.99994
10,9,10,105.0,95.0,122.5,CL1,粉质黏土,2.1212,1.07285
11,9,10,115.0,95.0,122.5,CL1,粉质黏土,2.1259,1.1001
0,0,11,5.0,5.0,127.5,CL1,粉质黏土,2.0486,0.56846
1,0,11,15.0,5.0,127.5,CL1,粉质黏土,2.0309,0.54909
2,0,11,25.0,5.0,127.5,CL1,粉质黏土,2.0845,0.85983
3,0,11,35.0,5.0,127.5,CL1,粉质黏土,2.1089,1.00137
4,0,11,45.0,5.0,127.5,CL1,粉质黏土,2.1175,1.05137
5,0,11,55.0,5.0,127.5,CL1,粉质黏土,2.1218,1.07643
6,0,11,65.0,5.0,127.5,CL1,粉质黏土,2.12,1.0661
7,0,11,75.0,5.0,127.5,CL1,粉质黏土,2.1197,1.06404
8,0,11,85.0,5.0,127.5,CL1,粉质黏土,2.1127,1.02386
9,0,11,95.0,5.0,127.5,CL1,粉质黏土,2.0985,0.94157
10,0,11,105.0,5.0,127.5,CL1,粉质黏土,2.1192,0.89799
11,0,11,115.0,5.0,127.5,CL1,粉质黏土,2.1418,0.99628
0,1,11,5.0,15.0,127.5,CL1,粉质黏土,2.0486,0.56846
1,1,11,15.0,15.0,127.5,CL1,粉质黏土,2.0303,0.54549
2,1,11,25.0,15.0,127.5,CL1,粉质黏土,2.0799,0.83371
3,1,11,35.0,15.0,127.5,CL1,粉质黏土,2.1048,0.97757
4,1,11,45.0,15.0,127.5,CL1,粉质黏土,2.1015,0.95886
5,1,11,55.0,15.0,127.5,CL1,粉质黏土,2.1033,0.96916
6,1,11,65.0,15.0,127.5,CL1,粉质黏土,2.1053,0.98072
7,1,11,75.0,15.0,127.5,CL1,粉质黏土,2.1104,1.01038
8,1,11,85.0,15.0,127.5,CL1,粉质黏土,2.0965,0.92987
9,1,11,95.0,15.0,127.5,CL1,粉质黏土,2.0586,0.70984
10,1,11,105.0,15.0,127.5,CL1,粉质黏土,2.0176,0.47199
11,1,11,115.0,15.0,127.5,CL1,粉质黏土,2.0599,0.71749
0,2,11,5.0,25.0,127.5,CL1,粉质黏土,2.0884,0.88256
1,2,11,15.0,25.0,127.5,CL1,粉质黏土,2.0837,0.85568
2,2,11,25.0,25.0,127.5,CL1,粉质黏土,2.0976,0.93636
3,2,11,35.0,25.0,127.5,CL1,粉质黏土,2.0995,0.94699
4,2,11,45.0,25.0,127.5,CL1,粉质黏土,2.0735,0.79604
5,2,11,55.0,25.0,127.5,CL1,粉质黏土,2.0512,0.66676
6,2,11,65.0,25.0,127.5,CL1,粉质黏土,2.0748,0.80361
7,2,11,75.0,25.0,127.5,CL1,粉质黏土,2.1001,0.95076
8,2,11,85.0,25.0,127.5,CL1,粉质黏土,2.096,0.92653
9,2,11,95.0,25.0,127.5,CL1,粉质黏土,2.0575,0.70355
10,2,11,105.0,25.0,127.5,CL1,粉质黏土,2.0167,0.46673
11,2,11,115.0,25.0,127.5,CL1,粉质黏土,2.0572,0.70165
0,3,11,5.0,35.0,127.5,CL1,粉质黏土,2.1142,1.03232
1,3,11,15.0,35.0,127.5,CL1,粉质黏土,2.0475,0.64545
2,3,11,25.0,35.0,127.5,CL1,粉质黏土,2.0308,0.54839
3,3,11,35.0,35.0,127.5,CL1,粉质黏土,2.0415,0.61042
4,3,11,45.0,35.0,127.5,CL1,粉质黏土,2.0487,0.65235
5,3,11,55.0,35.0,127.5,CL1,粉质黏土,2.0012,0.37694
6,3,11,65.0,35.0,127.5,CL1,粉质黏土,2.0501,0.66054
7,3,11,75.0,35.0,127.5,CL1,粉质黏土,2.0944,0.91751
8,3,11,85.0,35.0,127.5,CL1,粉质黏土,2.1053,0.98067
9,3,11,95.0,35.0,127.5,CL1,粉质黏土,2.0874,0.87712
10,3,11,105.0,35.0,127.5,CL1,粉质黏土,2.0745,0.80183
11,3,11,115.0,35.0,127.5,CL1,粉质黏土,2.0872,0.87584
0,4,11,5.0,45.0,127.5,CL1,粉质黏土,2.1206,1.06955
1,4,11,15.0,45.0,127.5,CL1,粉质黏土,2.1146,1.03462
2,4,11,25.0,45.0,127.5,CL1,粉质黏土,2.0389,0.59562
3,4,11,35.0,45.0,127.5,CL1,粉质黏土,2.0966,0.93012
4,4,11,45.0,45.0,127.5,CL1,粉质黏土,2.0703,0.77779
5,4,11,55.0,45.0,127.5,CL1,粉质黏土,2.0476,0.64621
6,4,11,65.0,45.0,127.5,CL1,粉质黏土,2.0735,0.79604
7,4,11,75.0,45.0,127.5,CL1,粉质黏土,2.0449,0.63033
8,4,11,85.0,45.0,127.5,CL1,粉质黏土,1.95,0.08
9,4,11,95.0,45.0,127.5,CL1,粉质黏土,2.1027,0.96547
10,4,11,105.0,45.0,127.5,CL1,粉质黏土,2.0923,0.90529
11,4,11,115.0,45.0,127.5,CL1,粉质黏土,2.0939,0.9144
0,5,11,5.0,55.0,127.5,CL1,粉质黏土,2.1212,1.07278
1,5,11,15.0,55.0,127.5,CL1,粉质黏土,2.1066,0.98852
2,5,11,25.0,55.0,127.5,CL1,粉质黏土,2.0799,0.83371
3,5,11,35.0,55.0,127.5,CL1,粉质黏土,2.0781,0.8228
4,5,11,45.0,55.0,127.5,CL1,粉质黏土,2.0904,0.89405
5,5,11,55.0,55.0,127.5,CL1,粉质黏土,2.0355,0.57572
6,5,11,65.0,55.0,127.5,CL1,粉质黏土,2.0995,0.94699
7,5,11,75.0,55.0,127.5,CL1,粉质黏土,2.1048,0.97757
8,5,11,85.0,55.0,127.5,CL1,粉质黏土,2.1034,0.96973
9,5,11,95.0,55.0,127.5,CL1,粉质黏土,2.087,0.87439
10,5,11,105.0,55.0,127.5,CL1,粉质黏土,2.0233,0.50501
11,5,11,115.0,55.0,127.5,CL1,粉质黏土,2.0555,0.69218
0,6,11,5.0,65.0,127.5,CL1,粉质黏土,2.125,1.0948
1,6,11,15.0,65.0,127.5,CL1,粉质黏土,2.088,0.88044
2,6,11,25.0,65.0,127.5,CL1,粉质黏土,2.0299,0.54353
3,6,11,35.0,65.0,127.5,CL1,粉质黏土,2.0287,0.53624
4,6,11,45.0,65.0,127.5,CL1,粉质黏土,2.0782,0.82344
5,6,11,55.0,65.0,127.5,CL1,粉质黏土,2.0281,0.53293
6,6,11,65.0,65.0,127.5,CL1,粉质黏土,2.0384,0.59256
7,6,11,75.0,65.0,127.5,CL1,粉质黏土,2.0366,0.58247
8,6,11,85.0,65.0,127.5,CL1,粉质黏土,2.0772,0.8176
9,6,11,95.0,65.0,127.5,CL1,粉质黏土,2.0715,0.78477
10,6,11,105.0,65.0,127.5,CL1,粉质黏土,2.0154,0.45912
11,6,11,115.0,65.0,127.5,CL1,粉质黏土,2.0164,0.46502
0,7,11,5.0,75.0,127.5,CL1,粉质黏土,2.1841,1.16367
1,7,11,15.0,75.0,127.5,CL1,粉质黏土,2.1256,0.92626
2,7,11,25.0,75.0,127.5,CL1,粉质黏土,2.0309,0.54909
3,7,11,35.0,75.0,127.5,CL1,粉质黏土,2.0303,0.54549
4,7,11,45.0,75.0,127.5,CL1,粉质黏土,2.0793,0.83014
5,7,11,55.0,75.0,127.5,CL1,粉质黏土,2.1017,0.95973
6,7,11,65.0,75.0,127.5,CL1,粉质黏土,2.0793,0.83014
7,7,11,75.0,75.0,127.5,CL1,粉质黏土,2.0287,0.53672
8,7,11,85.0,75.0,127.5,CL1,粉质黏土,2.0285,0.53521
9,7,11,95.0,75.0,127.5,CL1,粉质黏土,2.0701,0.77634
10,7,11,105.0,75.0,127.5,CL1,粉质黏土,2.0544,0.68559
11,7,11,115.0,75.0,127.5,CL1,粉质黏土,2.055,0.6892
0,8,11,5.0,85.0,127.5,SS2,强-中风化砂岩,2.1993,1.21645
1,8,11,15.0,85.0,127.5,CL1,粉质黏土,2.162,1.0794
2,8,11,25.0,85.0,127.5,CL1,粉质黏土,2.1256,0.92626
3,8,11,35.0,85.0,127.5,CL1,粉质黏土,2.086,0.86863
4,8,11,45.0,85.0,127.5,CL1,粉质黏土,2.0983,0.94022
5,8,11,55.0,85.0,127.5,CL1,粉质黏土,2.1055,0.98186
6,8,11,65.0,85.0,127.5,CL1,粉质黏土,2.0816,0.84316
7,8,11,75.0,85.0,127.5,CL1,粉质黏土,2.0296,0.54145
8,8,11,85.0,85.0,127.5,CL1,粉质黏土,2.0275,0.52957
9,8,11,95.0,85.0,127.5,CL1,粉质黏土,2.0772,0.8176
10,8,11,105.0,85.0,127.5,CL1,粉质黏土,2.0927,0.90793
11,8,11,115.0,85.0,127.5,CL1,粉质黏土,2.0965,0.92968
0,9,11,5.0,95.0,127.5,SS2,强-中风化砂岩,2.2193,1.27793
1,9,11,15.0,95.0,127.5,SS2,强-中风化砂岩,2.1993,1.21645
2,9,11,25.0,95.0,127.5,CL1,粉质黏土,2.1261,1.10123
3,9,11,35.0,95.0,127.5,CL1,粉质黏土,2.1189,1.05939
4,9,11,45.0,95.0,127.5,CL1,粉质黏土,2.1156,1.04044
5,9,11,55.0,95.0,127.5,CL1,粉质黏土,2.1146,1.03462
6,9,11,65.0,95.0,127.5,CL1,粉质黏土,2.1052,0.98001
7,9,11,75.0,95.0,127.5,CL1,粉质黏土,2.0864,0.87091
8,9,11,85.0,95.0,127.5,CL1,粉质黏土,2.0823,0.84729
9,9,11,95.0,95.0,127.5,CL1,粉质黏土,2.0981,0.93889
10,9,11,105.0,95.0,127.5,CL1,粉质黏土,2.1114,1.01621
11,9,11,115.0,95.0,127.5,CL1,粉质黏土,2.1173,1.05028
